[Licensing::Module] Trying to connect to existing licensing client channel...
Built from '6000.4/staging' branch; Version is '6000.4.10f1 (feeafc12a938) revision 16706300'; Using compiler version '194234433'; Build Type 'Release'
[Licensing::IpcConnector] Successfully connected to: "LicenseClient-korea" at "2026-09-08T15:40:19.0897688Z"
OS: 'Windows 10  (10.0.19045) 64bit Core' Language: 'ko' Physical Memory: 7880 MB
BatchMode: 1, IsHumanControllingUs: 0, StartBugReporterOnCrash: 0, Is64bit: 1
System  architecture: x64
Process architecture: x64
Date: 2026-09-08T15:40:19Z
[Licensing::Client] Code 10 while verifying Licensing Client signature (process Id: 7704, path: "C:/Program Files/Unity/Hub/Editor/6000.4.10f1/Editor/Data/Resources/Licensing/Client/Unity.Licensing.Client.exe")
[Licensing::Module] LicensingClient has failed validation; ignoring
[Licensing::Client] Handshaking with LicensingClient:
  Version:                 1.18.1+9fbee8e
  Session Id:              70ad554cc41a4d24ac820cc661dae77f
  Correlation Id:          66307c5700fd91d1fa8a0db60c70a5f0
  External correlation Id: 9033204841073965174
  Machine Id:              5cJWr0XiXK4/b2/xsaHUUO6HAA8=
[Licensing::Module] Successfully connected to LicensingClient on channel: "LicenseClient-korea" (connect: 0.00s, validation: 0.00s, handshake: 0.13s)
[Licensing::IpcConnector] Successfully connected to: "LicenseClient-korea-notifications" at "2026-09-08T15:40:19.2238404Z"
[Licensing::Module] Error: Access token is unavailable; failed to update
[Licensing::Client] Successfully resolved entitlement details
[Licensing::Module] License group:
  Id: 14569764733855-UnityPersXXXX
  Product: Unity Personal
  Type: Assigned
  Expiration: Unlimited
[Licensing::Client] Successfully updated license, isAsync: True, time: 0.00
[Licensing::Client] Successfully resolved entitlement details
[Licensing::Module] Licensing Background thread has ended after 0.17s

COMMAND LINE ARGUMENTS:
Unity.exe
-quit
-batchmode
-projectPath
C:/Unity/code
-executeMethod
ProjectName.EditorTools.MixamoControllerBuilder.BuildAll
-logFile
C:/Unity/code/unity_m_a1.log
Successfully changed project path to: C:/Unity/code
C:/Unity/code
[UnityMemory] Configuration Parameters - Can be set up in boot.config
    "memorysetup-temp-allocator-size-gi-baking-worker=262144"
    "memorysetup-temp-allocator-size-gi-baking-worker=262144"
    "memorysetup-temp-allocator-size-gi-baking-worker=262144"
    "memorysetup-temp-allocator-size-gi-baking-worker=262144"
    "memorysetup-temp-allocator-size-gi-baking-worker=262144"
    "memorysetup-temp-allocator-size-nav-mesh-worker=65536"
    "memorysetup-temp-allocator-size-audio-worker=65536"
    "memorysetup-temp-allocator-size-cloud-worker=32768"
    "memorysetup-temp-allocator-size-gfx=262144"
    "memorysetup-temp-allocator-size-preload-manager=33554432"
    "memorysetup-temp-allocator-size-job-worker=262144"
    "memorysetup-temp-allocator-size-background-worker=32768"
    "memorysetup-allocator-temp-initial-block-size-main=262144"
    "memorysetup-allocator-temp-initial-block-size-worker=262144"
    "memorysetup-bucket-allocator-granularity=16"
    "memorysetup-bucket-allocator-bucket-count=8"
    "memorysetup-bucket-allocator-block-size=33554432"
    "memorysetup-bucket-allocator-block-count=8"
    "memorysetup-main-allocator-block-size=16777216"
    "memorysetup-thread-allocator-block-size=16777216"
    "memorysetup-gfx-main-allocator-block-size=16777216"
    "memorysetup-gfx-thread-allocator-block-size=16777216"
    "memorysetup-cache-allocator-block-size=4194304"
    "memorysetup-typetree-allocator-block-size=2097152"
    "memorysetup-profiler-bucket-allocator-granularity=16"
    "memorysetup-profiler-bucket-allocator-bucket-count=8"
    "memorysetup-profiler-bucket-allocator-block-size=33554432"
    "memorysetup-profiler-bucket-allocator-block-count=8"
    "memorysetup-profiler-allocator-block-size=16777216"
    "memorysetup-profiler-editor-allocator-block-size=1048576"
    "memorysetup-temp-allocator-size-main=16777216"
    "memorysetup-job-temp-allocator-block-size=2097152"
    "memorysetup-job-temp-allocator-block-size-background=1048576"
    "memorysetup-job-temp-allocator-reduction-small-platforms=262144"
Player connection [13872]  Target information:

Player connection [13872]  * "[IP] 172.21.112.1 [Port] 55504 [Flags] 2 [Guid] 224345978 [EditorId] 224345978 [Version] 1048832 [Id] WindowsEditor(7,DESKTOP-N0QMTC3) [Debug] 1 [PackageName] WindowsEditor [ProjectName] Editor" 

Player connection [13872]  * "[IP] 192.168.219.108 [Port] 55504 [Flags] 2 [Guid] 224345978 [EditorId] 224345978 [Version] 1048832 [Id] WindowsEditor(7,DESKTOP-N0QMTC3) [Debug] 1 [PackageName] WindowsEditor [ProjectName] Editor" 

Player connection [13872] Host joined multi-casting on [225.0.0.222:54997]...
Player connection [13872] Host joined alternative multi-casting on [225.0.0.222:34997]...
Input System module state changed to: Initialized.
[Physics::Module] Initialized fallback backend.
[Physics::Module] Id: 0xdecafbad
[Package Manager] Connected to IPC stream "Upm-4364" after 0.4 seconds.
[Licensing::Client] Successfully resolved entitlement details
Library Redirect Path: Library/
[Physics::Module] Selected backend.
[Physics::Module] Name: PhysX
[Physics::Module] Id: 0xf2b8ea05
[Physics::Module] SDK Version: 4.1.2
[Physics::Module] Integration Version: 1.0.0
[Physics::Module] Threading Mode: Multi-Threaded
Initialize engine version: 6000.4.10f1 (feeafc12a938)
[Subsystems] Discovering subsystems at path C:/Program Files/Unity/Hub/Editor/6000.4.10f1/Editor/Data/Resources/UnitySubsystems
[Subsystems] Discovering subsystems at path C:/Unity/code/Assets
GfxDevice: creating device client; kGfxThreadingModeNonThreaded
d3d12: failed to query info queue interface (0x80004002).
Direct3D:
    Version:         Direct3D 12 [level 12.1]
    Renderer:        Intel(R) HD Graphics 530 (ID=0x1912)
    Vendor:          Intel
    VRAM:            3940 MB
    App VRAM Budget: 3546 MB
    Driver:          25.20.100.6577
    Unified Memory Architecture
    Cache Coherent UMA
Initialize mono
Mono path[0] = 'C:/Program Files/Unity/Hub/Editor/6000.4.10f1/Editor/Data/Managed'
Mono path[1] = 'C:/Program Files/Unity/Hub/Editor/6000.4.10f1/Editor/Data/MonoBleedingEdge/lib/mono/unityjit-win32'
Mono config path = 'C:/Program Files/Unity/Hub/Editor/6000.4.10f1/Editor/Data/MonoBleedingEdge/etc'
Using monoOptions --debugger-agent=transport=dt_socket,embedding=1,server=y,suspend=n,address=127.0.0.1:56364
CodeReloadManager initialized
Using cacheserver namespaces - metadata:defaultmetadata, artifacts:defaultartifacts
Using cacheserver namespaces - metadata:defaultmetadata, artifacts:defaultartifacts
ImportWorker Server TCP listen port: 0
AcceleratorClientConnectionCallback - disconnected - :0
Begin MonoManager ReloadAssembly
Registering precompiled unity dll's ...
Register platform support module: C:/Program Files/Unity/Hub/Editor/6000.4.10f1/Editor/Data/PlaybackEngines/WebGLSupport/UnityEditor.WebGL.Extensions.dll
Register platform support module: C:/Program Files/Unity/Hub/Editor/6000.4.10f1/Editor/Data/PlaybackEngines/WindowsStandaloneSupport/UnityEditor.WindowsStandalone.Extensions.dll
Registered in 0.018475 seconds.
Native extension for WindowsStandalone target not found
Native extension for WebGL target not found
Package Manager log level set to [2]
ScheduleIndexationOnStartup MainProcess:False IndexOnStartup:True
Mono: successfully reloaded assembly
- Finished resetting the current domain, in  1.016 seconds
Domain Reload Profiling: 1941ms
	BeginReloadAssembly (265ms)
		CreateAndSetChildDomain (19ms)
	RebuildCommonClasses (56ms)
	RebuildNativeTypeToScriptingClass (19ms)
	initialDomainReloadingComplete (150ms)
	LoadAllAssembliesAndSetupDomain (430ms)
		LoadAssemblies (243ms)
		AnalyzeDomain (413ms)
			TypeCache.Refresh (405ms)
				TypeCache.ScanAssembly (360ms)
			ResolveRequiredComponents (5ms)
	FinalizeReload (1021ms)
		SetupLoadedEditorAssemblies (0ms)
			InitializePlatformSupportModulesInManaged (109ms)
			BeforeProcessingInitializeOnLoad (160ms)
			ProcessInitializeOnLoadAttributes (254ms)
			ProcessInitializeOnLoadMethodAttributes (351ms)
[Licensing::Client] Successfully resolved entitlement details
Application.AssetDatabase Initial Refresh Start
[Package Manager] Restoring resolved packages state from cache
[Licensing::Client] Successfully resolved entitlement details
[Package Manager] Registered 70 packages:
  Packages from [https://packages.unity.com]:
    com.unity.animation.rigging@1.4.1 (location: C:\Unity\code\Library\PackageCache\com.unity.animation.rigging@ae5f251e1ed4)
    com.unity.cinemachine@3.1.3 (location: C:\Unity\code\Library\PackageCache\com.unity.cinemachine@624f919d8cdd)
    com.unity.cloud.gltfast@6.9.1 (location: C:\Unity\code\Library\PackageCache\com.unity.cloud.gltfast@161e8e5e9cfb)
    com.unity.collab-proxy@2.12.4 (location: C:\Unity\code\Library\PackageCache\com.unity.collab-proxy@0b1559bcd34e)
    com.unity.inputsystem@1.19.0 (location: C:\Unity\code\Library\PackageCache\com.unity.inputsystem@21a28c3a6c83)
    com.unity.localization@1.5.3 (location: C:\Unity\code\Library\PackageCache\com.unity.localization@aa064bb50234)
    com.unity.timeline@1.8.12 (location: C:\Unity\code\Library\PackageCache\com.unity.timeline@8cd8509afae5)
    com.unity.visualscripting@1.9.11 (location: C:\Unity\code\Library\PackageCache\com.unity.visualscripting@8bed5ad90189)
    com.unity.addressables@2.9.1 (location: C:\Unity\code\Library\PackageCache\com.unity.addressables@8460f1c9c927)
    com.unity.nuget.newtonsoft-json@3.2.2 (location: C:\Unity\code\Library\PackageCache\com.unity.nuget.newtonsoft-json@4dfd81071c64)
    com.unity.ide.visualstudio@2.0.27 (location: C:\Unity\code\Library\PackageCache\com.unity.ide.visualstudio@dc1ddd4f09b6)
    com.unity.ide.rider@3.0.40 (location: C:\Unity\code\Library\PackageCache\com.unity.ide.rider@e4950c6d131b)
    com.unity.editorcoroutines@1.1.0 (location: C:\Unity\code\Library\PackageCache\com.unity.editorcoroutines@87a15ed012c2)
    com.unity.performance.profile-analyzer@1.3.4 (location: C:\Unity\code\Library\PackageCache\com.unity.performance.profile-analyzer@418130329099)
    com.unity.testtools.codecoverage@1.3.0 (location: C:\Unity\code\Library\PackageCache\com.unity.testtools.codecoverage@19a841221620)
    com.unity.burst@1.8.29 (location: C:\Unity\code\Library\PackageCache\com.unity.burst@6bb9aca3ef38)
    com.unity.mathematics@1.3.3 (location: C:\Unity\code\Library\PackageCache\com.unity.mathematics@19a9377c4ffa)
    com.unity.ai.inference@2.6.1 (location: C:\Unity\code\Library\PackageCache\com.unity.ai.inference@9a123aee5df7)
    com.unity.splines@2.8.4 (location: C:\Unity\code\Library\PackageCache\com.unity.splines@9b00833aca09)
    com.unity.searcher@4.9.4 (location: C:\Unity\code\Library\PackageCache\com.unity.searcher@d45a78918735)
    com.unity.profiling.core@1.0.3 (location: C:\Unity\code\Library\PackageCache\com.unity.profiling.core@8a49f7027d06)
    com.unity.scriptablebuildpipeline@2.6.1 (location: C:\Unity\code\Library\PackageCache\com.unity.scriptablebuildpipeline@36e3b5898ee2)
    com.unity.settings-manager@2.1.1 (location: C:\Unity\code\Library\PackageCache\com.unity.settings-manager@0b8638c5ce86)
    com.unity.nuget.mono-cecil@1.11.6 (location: C:\Unity\code\Library\PackageCache\com.unity.nuget.mono-cecil@ecb9724e46ff)
    com.unity.test-framework.performance@3.4.0 (location: C:\Unity\code\Library\PackageCache\com.unity.test-framework.performance@aa81a99c4a75)
    com.unity.dt.app-ui@2.1.1 (location: C:\Unity\code\Library\PackageCache\com.unity.dt.app-ui@8ac7e730dd5d)
  Built-in packages:
    com.unity.sentis@2.2.0 (location: C:\Unity\code\Library\PackageCache\com.unity.sentis@eef1e5173b44)
    com.unity.feature.development@1.0.2 (location: C:\Unity\code\Library\PackageCache\com.unity.feature.development@767aadbc6eb7)
    com.unity.render-pipelines.universal@17.4.0 (location: C:\Unity\code\Library\PackageCache\com.unity.render-pipelines.universal@cdf909593d80)
    com.unity.test-framework@1.6.0 (location: C:\Unity\code\Library\PackageCache\com.unity.test-framework@996f223345ba)
    com.unity.textmeshpro@5.0.0 (location: C:\Unity\code\Library\PackageCache\com.unity.textmeshpro@53f43edfd2e0)
    com.unity.ugui@2.0.0 (location: C:\Unity\code\Library\PackageCache\com.unity.ugui@1f2d1ab0d950)
    com.unity.modules.ai@1.0.0 (location: C:\Unity\code\Library\PackageCache\com.unity.modules.ai)
    com.unity.modules.androidjni@1.0.0 (location: C:\Unity\code\Library\PackageCache\com.unity.modules.androidjni)
    com.unity.modules.animation@1.0.0 (location: C:\Unity\code\Library\PackageCache\com.unity.modules.animation)
    com.unity.modules.assetbundle@1.0.0 (location: C:\Unity\code\Library\PackageCache\com.unity.modules.assetbundle)
    com.unity.modules.audio@1.0.0 (location: C:\Unity\code\Library\PackageCache\com.unity.modules.audio)
    com.unity.modules.cloth@1.0.0 (location: C:\Unity\code\Library\PackageCache\com.unity.modules.cloth)
    com.unity.modules.director@1.0.0 (location: C:\Unity\code\Library\PackageCache\com.unity.modules.director)
    com.unity.modules.imageconversion@1.0.0 (location: C:\Unity\code\Library\PackageCache\com.unity.modules.imageconversion)
    com.unity.modules.imgui@1.0.0 (location: C:\Unity\code\Library\PackageCache\com.unity.modules.imgui)
    com.unity.modules.jsonserialize@1.0.0 (location: C:\Unity\code\Library\PackageCache\com.unity.modules.jsonserialize)
    com.unity.modules.particlesystem@1.0.0 (location: C:\Unity\code\Library\PackageCache\com.unity.modules.particlesystem)
    com.unity.modules.physics@1.0.0 (location: C:\Unity\code\Library\PackageCache\com.unity.modules.physics)
    com.unity.modules.physics2d@1.0.0 (location: C:\Unity\code\Library\PackageCache\com.unity.modules.physics2d)
    com.unity.modules.screencapture@1.0.0 (location: C:\Unity\code\Library\PackageCache\com.unity.modules.screencapture)
    com.unity.modules.terrain@1.0.0 (location: C:\Unity\code\Library\PackageCache\com.unity.modules.terrain)
    com.unity.modules.terrainphysics@1.0.0 (location: C:\Unity\code\Library\PackageCache\com.unity.modules.terrainphysics)
    com.unity.modules.tilemap@1.0.0 (location: C:\Unity\code\Library\PackageCache\com.unity.modules.tilemap)
    com.unity.modules.ui@1.0.0 (location: C:\Unity\code\Library\PackageCache\com.unity.modules.ui)
    com.unity.modules.uielements@1.0.0 (location: C:\Unity\code\Library\PackageCache\com.unity.modules.uielements)
    com.unity.modules.umbra@1.0.0 (location: C:\Unity\code\Library\PackageCache\com.unity.modules.umbra)
    com.unity.modules.unityanalytics@1.0.0 (location: C:\Unity\code\Library\PackageCache\com.unity.modules.unityanalytics)
    com.unity.modules.unitywebrequest@1.0.0 (location: C:\Unity\code\Library\PackageCache\com.unity.modules.unitywebrequest)
    com.unity.modules.unitywebrequestassetbundle@1.0.0 (location: C:\Unity\code\Library\PackageCache\com.unity.modules.unitywebrequestassetbundle)
    com.unity.modules.unitywebrequestaudio@1.0.0 (location: C:\Unity\code\Library\PackageCache\com.unity.modules.unitywebrequestaudio)
    com.unity.modules.unitywebrequesttexture@1.0.0 (location: C:\Unity\code\Library\PackageCache\com.unity.modules.unitywebrequesttexture)
    com.unity.modules.unitywebrequestwww@1.0.0 (location: C:\Unity\code\Library\PackageCache\com.unity.modules.unitywebrequestwww)
    com.unity.modules.vehicles@1.0.0 (location: C:\Unity\code\Library\PackageCache\com.unity.modules.vehicles)
    com.unity.modules.video@1.0.0 (location: C:\Unity\code\Library\PackageCache\com.unity.modules.video)
    com.unity.modules.vr@1.0.0 (location: C:\Unity\code\Library\PackageCache\com.unity.modules.vr)
    com.unity.modules.wind@1.0.0 (location: C:\Unity\code\Library\PackageCache\com.unity.modules.wind)
    com.unity.modules.xr@1.0.0 (location: C:\Unity\code\Library\PackageCache\com.unity.modules.xr)
    com.unity.modules.subsystems@1.0.0 (location: C:\Unity\code\Library\PackageCache\com.unity.modules.subsystems)
    com.unity.modules.hierarchycore@1.0.0 (location: C:\Unity\code\Library\PackageCache\com.unity.modules.hierarchycore)
    com.unity.ext.nunit@2.0.5 (location: C:\Unity\code\Library\PackageCache\com.unity.ext.nunit@d8c07649098d)
    com.unity.render-pipelines.core@17.4.0 (location: C:\Unity\code\Library\PackageCache\com.unity.render-pipelines.core@5aab14b68499)
    com.unity.shadergraph@17.4.0 (location: C:\Unity\code\Library\PackageCache\com.unity.shadergraph@93ee0fdc6ad8)
    com.unity.render-pipelines.universal-config@17.4.0 (location: C:\Unity\code\Library\PackageCache\com.unity.render-pipelines.universal-config@0db4263b9e6b)
    com.unity.collections@6.4.0 (location: C:\Unity\code\Library\PackageCache\com.unity.collections@5b6ebd78ccc0)
[Package Manager] com.unity.textmeshpro is deprecated: This package is no longer supported. TextMeshPro functionalities are now included in the com.unity.ugui package. To continue using them, consider adding it to your project dependencies.
[Subsystems] No new subsystems found in resolved package list.
[Package Manager] Done registering packages in 0.06 seconds
Assembly reference Packages/com.unity.cinemachine/Editor/Samples/ExposeHDRPInternals/HDRP-Editor-ref.asmref has no target assembly definition
Assembly reference Packages/com.unity.cinemachine/Editor/Samples/ExposeHDRPInternals/HDRP-Editor-ref.asmref has no target assembly definition
[ScriptCompilation] Requested script compilation because: AssetDatabase observed changes in script compilation related files
info: Microsoft.Hosting.Lifetime[14]
      Now listening on: http://localhost:80
info: Microsoft.Hosting.Lifetime[0]
      Application started. Press Ctrl+C to shut down.
info: Microsoft.Hosting.Lifetime[0]
      Hosting environment: Production
info: Microsoft.Hosting.Lifetime[0]
      Content root path: C:\Unity\code
info: Microsoft.AspNetCore.Hosting.Diagnostics[1]
      Request starting HTTP/2 POST http://ilpp/UnityILPP.PostProcessing/Ping - application/grpc -
info: Microsoft.AspNetCore.Routing.EndpointMiddleware[0]
      Executing endpoint 'gRPC - /UnityILPP.PostProcessing/Ping'
info: Microsoft.AspNetCore.Routing.EndpointMiddleware[1]
      Executed endpoint 'gRPC - /UnityILPP.PostProcessing/Ping'
info: Microsoft.AspNetCore.Hosting.Diagnostics[2]
      Request finished HTTP/2 POST http://ilpp/UnityILPP.PostProcessing/Ping - 200 - application/grpc 134.2525ms
Starting: C:\Program Files\Unity\Hub\Editor\6000.4.10f1\Editor\Data\Tools\BuildPipeline\bee_backend.exe --ipc --defer-dag-verification --dagfile="Library/Bee/1900b0aE.dag" --continue-on-failure --profile="Library/Bee/backend1.traceevents" ScriptAssemblies
WorkingDir: C:/Unity/code
DisplayProgressbar: Compiling Scripts
Starting: C:\Program Files\Unity\Hub\Editor\6000.4.10f1\Editor\Data\netcorerun\netcorerun.exe "C:\Program Files\Unity\Hub\Editor\6000.4.10f1\Editor\Data\Tools\BuildPipeline\ScriptCompilationBuildProgram.exe" "Library/Bee/1900b0aE.dag.json" "Library/Bee/1900b0aE-inputdata.json" "Library\Bee\buildprogram0.traceevents"
WorkingDir: C:/Unity/code
ExitCode: 4 Duration: 0s974ms
Rebuilding DAG because FileSignature timestamp changed: Library/Bee/1900b0aE-inputdata.json
*** Tundra requires additional run (0.90 seconds), 0 items updated, 33 evaluated
ExitCode: 0 Duration: 3s925ms
Starting: C:\Program Files\Unity\Hub\Editor\6000.4.10f1\Editor\Data\Tools\BuildPipeline\bee_backend.exe --ipc --defer-dag-verification --dagfile="Library/Bee/1900b0aE.dag" --continue-on-failure --dagfilejson="Library\Bee\1900b0aE.dag.json" --profile="Library/Bee/backend2.traceevents" ScriptAssemblies
WorkingDir: C:/Unity/code
info: Microsoft.AspNetCore.Hosting.Diagnostics[1]
      Request starting HTTP/2 POST http://ilpp/UnityILPP.PostProcessing/ConfigurePostProcessors - application/grpc -
info: Microsoft.AspNetCore.Routing.EndpointMiddleware[0]
      Executing endpoint 'gRPC - /UnityILPP.PostProcessing/ConfigurePostProcessors'
warn: Unity.ILPP.Runner.PostProcessingAssemblyLoadContext[0]
      Assembly system.runtime.interopservices.windowsruntime has duplicate hint path. Ignoring "C:\Program Files\Unity\Hub\Editor\6000.4.10f1\Editor\Data\UnityReferenceAssemblies\unity-4.8-api\Facades\System.Runtime.InteropServices.WindowsRuntime.dll" in favor of "C:\Program Files\Unity\Hub\Editor\6000.4.10f1\Editor\Data\NetStandard\Extensions\2.0.0\System.Runtime.InteropServices.WindowsRuntime.dll"
warn: Unity.ILPP.Runner.PostProcessingAssemblyLoadContext[0]
      Assembly system.componentmodel.composition has duplicate hint path. Ignoring "C:\Program Files\Unity\Hub\Editor\6000.4.10f1\Editor\Data\UnityReferenceAssemblies\unity-4.8-api\System.ComponentModel.Composition.dll" in favor of "C:\Program Files\Unity\Hub\Editor\6000.4.10f1\Editor\Data\NetStandard\compat\2.1.0\shims\netfx\System.ComponentModel.Composition.dll"
info: Unity.ILPP.Runner.PostProcessingAssemblyLoadContext[0]
      Resolved Unity.Burst.Cecil, Version=0.11.6.0, Culture=neutral, PublicKeyToken=50cebf1cceb9d05e with Library\PackageCache\com.unity.burst@6bb9aca3ef38\Unity.Burst.CodeGen\Unity.Burst.Cecil.dll
info: Unity.ILPP.Runner.PostProcessingAssemblyLoadContext[0]
      Resolved Mono.Cecil, Version=0.11.5.0, Culture=neutral, PublicKeyToken=50cebf1cceb9d05e with Library\PackageCache\com.unity.nuget.mono-cecil@ecb9724e46ff\Mono.Cecil.dll
info: Microsoft.AspNetCore.Routing.EndpointMiddleware[1]
      Executed endpoint 'gRPC - /UnityILPP.PostProcessing/ConfigurePostProcessors'
info: Microsoft.AspNetCore.Hosting.Diagnostics[2]
      Request finished HTTP/2 POST http://ilpp/UnityILPP.PostProcessing/ConfigurePostProcessors - 200 - application/grpc 1365.6093ms
info: Microsoft.AspNetCore.Hosting.Diagnostics[1]
      Request starting HTTP/2 POST http://ilpp/UnityILPP.PostProcessing/PostProcessAssembly - application/grpc -
info: Microsoft.AspNetCore.Routing.EndpointMiddleware[0]
      Executing endpoint 'gRPC - /UnityILPP.PostProcessing/PostProcessAssembly'
info: Unity.ILPP.Runner.PostProcessingPipeline[0]
      Processing assembly Library/Bee/artifacts/1900b0aE.dag/ProjectName.Systems.dll, with 144 defines and 286 references
info: Unity.ILPP.Runner.PostProcessingPipeline[0]
      processors: Unity.Jobs.CodeGen.JobsILPostProcessor, zzzUnity.Burst.CodeGen.BurstILPostProcessor
info: Unity.ILPP.Runner.PostProcessingPipeline[0]
      running Unity.Jobs.CodeGen.JobsILPostProcessor
info: Unity.ILPP.Runner.PostProcessingPipeline[0]
      running zzzUnity.Burst.CodeGen.BurstILPostProcessor
info: Unity.ILPP.Runner.PostProcessingAssemblyLoadContext[0]
      Resolved Unity.Burst.Cecil.Rocks, Version=0.11.6.0, Culture=neutral, PublicKeyToken=50cebf1cceb9d05e with Library\PackageCache\com.unity.burst@6bb9aca3ef38\Unity.Burst.CodeGen\Unity.Burst.Cecil.Rocks.dll
info: Microsoft.AspNetCore.Routing.EndpointMiddleware[1]
      Executed endpoint 'gRPC - /UnityILPP.PostProcessing/PostProcessAssembly'
info: Microsoft.AspNetCore.Hosting.Diagnostics[2]
      Request finished HTTP/2 POST http://ilpp/UnityILPP.PostProcessing/PostProcessAssembly - 200 - application/grpc 1667.2993ms
info: Microsoft.AspNetCore.Hosting.Diagnostics[1]
      Request starting HTTP/2 POST http://ilpp/UnityILPP.PostProcessing/PostProcessAssembly - application/grpc -
info: Microsoft.AspNetCore.Routing.EndpointMiddleware[0]
      Executing endpoint 'gRPC - /UnityILPP.PostProcessing/PostProcessAssembly'
info: Unity.ILPP.Runner.PostProcessingPipeline[0]
      Processing assembly Library/Bee/artifacts/1900b0aE.dag/ProjectName.UI.dll, with 144 defines and 286 references
info: Unity.ILPP.Runner.PostProcessingPipeline[0]
      processors: Unity.Jobs.CodeGen.JobsILPostProcessor, zzzUnity.Burst.CodeGen.BurstILPostProcessor
info: Unity.ILPP.Runner.PostProcessingPipeline[0]
      running Unity.Jobs.CodeGen.JobsILPostProcessor
info: Unity.ILPP.Runner.PostProcessingPipeline[0]
      running zzzUnity.Burst.CodeGen.BurstILPostProcessor
info: Microsoft.AspNetCore.Routing.EndpointMiddleware[1]
      Executed endpoint 'gRPC - /UnityILPP.PostProcessing/PostProcessAssembly'
info: Microsoft.AspNetCore.Hosting.Diagnostics[2]
      Request finished HTTP/2 POST http://ilpp/UnityILPP.PostProcessing/PostProcessAssembly - 200 - application/grpc 38.0185ms
info: Microsoft.AspNetCore.Hosting.Diagnostics[1]
      Request starting HTTP/2 POST http://ilpp/UnityILPP.PostProcessing/PostProcessAssembly - application/grpc -
info: Microsoft.AspNetCore.Routing.EndpointMiddleware[0]
      Executing endpoint 'gRPC - /UnityILPP.PostProcessing/PostProcessAssembly'
info: Unity.ILPP.Runner.PostProcessingPipeline[0]
      Processing assembly Library/Bee/artifacts/1900b0aE.dag/Assembly-CSharp.dll, with 144 defines and 355 references
info: Unity.ILPP.Runner.PostProcessingPipeline[0]
      processors: Unity.Jobs.CodeGen.JobsILPostProcessor, zzzUnity.Burst.CodeGen.BurstILPostProcessor
info: Unity.ILPP.Runner.PostProcessingPipeline[0]
      running Unity.Jobs.CodeGen.JobsILPostProcessor
info: Unity.ILPP.Runner.PostProcessingAssemblyLoadContext[0]
      Resolved Unity.Collections, Version=0.0.0.0, Culture=neutral, PublicKeyToken=null with Library\Bee\artifacts\1900b0aE.dag\Unity.Collections.dll
info: Microsoft.AspNetCore.Hosting.Diagnostics[1]
      Request starting HTTP/2 POST http://ilpp/UnityILPP.PostProcessing/PostProcessAssembly - application/grpc -
info: Microsoft.AspNetCore.Routing.EndpointMiddleware[0]
      Executing endpoint 'gRPC - /UnityILPP.PostProcessing/PostProcessAssembly'
info: Unity.ILPP.Runner.PostProcessingPipeline[0]
      Processing assembly Library/Bee/artifacts/1900b0aE.dag/Assembly-CSharp-Editor.dll, with 142 defines and 381 references
info: Unity.ILPP.Runner.PostProcessingPipeline[0]
      processors: Unity.Jobs.CodeGen.JobsILPostProcessor, zzzUnity.Burst.CodeGen.BurstILPostProcessor
info: Unity.ILPP.Runner.PostProcessingPipeline[0]
      running Unity.Jobs.CodeGen.JobsILPostProcessor
info: Unity.ILPP.Runner.PostProcessingAssemblyLoadContext[0]
      Resolved UnityEditor.CoreModule, Version=0.0.0.0, Culture=neutral, PublicKeyToken=null with C:\Program Files\Unity\Hub\Editor\6000.4.10f1\Editor\Data\Managed\UnityEngine\UnityEditor.CoreModule.dll
info: Unity.ILPP.Runner.PostProcessingAssemblyLoadContext[0]
      Resolved UnityEngine.CoreModule, Version=0.0.0.0, Culture=neutral, PublicKeyToken=null with C:\Program Files\Unity\Hub\Editor\6000.4.10f1\Editor\Data\Managed\UnityEngine\UnityEngine.CoreModule.dll
info: Unity.ILPP.Runner.PostProcessingPipeline[0]
      running zzzUnity.Burst.CodeGen.BurstILPostProcessor
info: Unity.ILPP.Runner.PostProcessingPipeline[0]
      running zzzUnity.Burst.CodeGen.BurstILPostProcessor
info: Microsoft.AspNetCore.Routing.EndpointMiddleware[1]
      Executed endpoint 'gRPC - /UnityILPP.PostProcessing/PostProcessAssembly'
info: Microsoft.AspNetCore.Hosting.Diagnostics[2]
      Request finished HTTP/2 POST http://ilpp/UnityILPP.PostProcessing/PostProcessAssembly - 200 - application/grpc 1576.3932ms
info: Microsoft.AspNetCore.Routing.EndpointMiddleware[1]
      Executed endpoint 'gRPC - /UnityILPP.PostProcessing/PostProcessAssembly'
info: Microsoft.AspNetCore.Hosting.Diagnostics[2]
      Request finished HTTP/2 POST http://ilpp/UnityILPP.PostProcessing/PostProcessAssembly - 200 - application/grpc 4048.5367ms
ExitCode: 0 Duration: 22s
Finished compiling graph: 1405 nodes, 28579 flattened edges (23153 ToBuild, 232 ToUse), maximum node priority 1579
[ 548/1401  0s] WriteText Library/Bee/artifacts/1900b0aE.dag/ProjectName.Systems.rsp
[ 578/1401  0s] WriteText Library/Bee/artifacts/1900b0aE.dag/ProjectName.UI.rsp
[1066/1401  1s] ILPP-Configuration Library/ilpp-configuration.nevergeneratedoutput
[BUSY       7s] Csc Library/Bee/artifacts/1900b0aE.dag/ProjectName.Systems.dll (+2 others)
[1385/1401 11s] Csc Library/Bee/artifacts/1900b0aE.dag/ProjectName.Systems.dll (+2 others)
Assets\Scripts\Systems\Animation\ModelAnimatorAssigner.cs(251,16): warning CS0618: 'ProceduralAnimationController' is obsolete: 'Use HybridAnimationController with NeuralAnimationController instead. See MIGRATION_GUIDE_PHASE46.md'

Assets\Scripts\Systems\Animation\ModelAnimatorAssigner.cs(32,9): warning CS0618: 'ProceduralAnimationController' is obsolete: 'Use HybridAnimationController with NeuralAnimationController instead. See MIGRATION_GUIDE_PHASE46.md'

Assets\Scripts\Systems\Animation\Neural\HybridAnimationController.cs(790,16): warning CS0618: 'ProceduralAnimationController' is obsolete: 'Use HybridAnimationController with NeuralAnimationController instead. See MIGRATION_GUIDE_PHASE46.md'

Assets\Scripts\Systems\Animation\Neural\HybridAnimationController.cs(27,26): warning CS0618: 'ProceduralAnimationController' is obsolete: 'Use HybridAnimationController with NeuralAnimationController instead. See MIGRATION_GUIDE_PHASE46.md'

Assets\Scripts\Systems\Combat\ProceduralAttack.cs(204,34): warning CS0618: 'ProceduralAnimationController' is obsolete: 'Use HybridAnimationController with NeuralAnimationController instead. See MIGRATION_GUIDE_PHASE46.md'

Assets\Scripts\Systems\Animation\Neural\PolicySelector.cs(1025,72): warning CS0618: 'ProceduralAnimStateMachine' is obsolete: 'Use HybridAnimationController with NeuralAnimationController instead. See MIGRATION_GUIDE_PHASE46.md'

Assets\Scripts\Systems\HerbPickup.cs(48,17): warning CS0618: 'ProceduralAnimationController' is obsolete: 'Use HybridAnimationController with NeuralAnimationController instead. See MIGRATION_GUIDE_PHASE46.md'

Assets\Scripts\Systems\Animation\Procedural\Debug\ProceduralAnimDebugger.cs(67,37): warning CS0618: 'ProceduralAnimationController' is obsolete: 'Use HybridAnimationController with NeuralAnimationController instead. See MIGRATION_GUIDE_PHASE46.md'

Assets\Scripts\Systems\Animation\Procedural\Debug\ProceduralAnimDebugger.cs(293,38): warning CS0618: 'ProceduralAnimationController' is obsolete: 'Use HybridAnimationController with NeuralAnimationController instead. See MIGRATION_GUIDE_PHASE46.md'

Assets\Scripts\Systems\Animation\Procedural\Debug\ProceduralAnimDebugger.cs(429,35): warning CS0618: 'ProceduralAnimationController' is obsolete: 'Use HybridAnimationController with NeuralAnimationController instead. See MIGRATION_GUIDE_PHASE46.md'

Assets\Scripts\Systems\Animation\Procedural\Debug\ProceduralAnimDebugger.cs(502,40): warning CS0618: 'ProceduralAnimationController' is obsolete: 'Use HybridAnimationController with NeuralAnimationController instead. See MIGRATION_GUIDE_PHASE46.md'

Assets\Scripts\Systems\Animation\Procedural\Debug\ProceduralAnimDebugger.cs(596,35): warning CS0618: 'ProceduralAnimationController' is obsolete: 'Use HybridAnimationController with NeuralAnimationController instead. See MIGRATION_GUIDE_PHASE46.md'

Assets\Scripts\Systems\Animation\Procedural\Debug\ProceduralAnimDebugger.cs(688,37): warning CS0618: 'ProceduralAnimationController' is obsolete: 'Use HybridAnimationController with NeuralAnimationController instead. See MIGRATION_GUIDE_PHASE46.md'

Assets\Scripts\Systems\Animation\Procedural\Debug\ProceduralAnimDebugger.cs(801,36): warning CS0618: 'ProceduralAnimationController' is obsolete: 'Use HybridAnimationController with NeuralAnimationController instead. See MIGRATION_GUIDE_PHASE46.md'

Assets\Scripts\Systems\Animation\Procedural\Debug\ProceduralAnimDebugger.cs(819,40): warning CS0618: 'ProceduralAnimationController' is obsolete: 'Use HybridAnimationController with NeuralAnimationController instead. See MIGRATION_GUIDE_PHASE46.md'

Assets\Scripts\Systems\Animation\Procedural\Debug\ProceduralAnimDebugger.cs(873,37): warning CS0618: 'ProceduralAnimationController' is obsolete: 'Use HybridAnimationController with NeuralAnimationController instead. See MIGRATION_GUIDE_PHASE46.md'

Assets\Scripts\Systems\Animation\Procedural\Debug\ProceduralAnimDebugger.cs(880,39): warning CS0618: 'ProceduralAnimationController' is obsolete: 'Use HybridAnimationController with NeuralAnimationController instead. See MIGRATION_GUIDE_PHASE46.md'

Assets\Scripts\Systems\Animation\Procedural\Debug\ProceduralAnimDebugger.cs(895,41): warning CS0618: 'ProceduralAnimationController' is obsolete: 'Use HybridAnimationController with NeuralAnimationController instead. See MIGRATION_GUIDE_PHASE46.md'

Assets\Scripts\Systems\Animation\Procedural\Debug\ProceduralAnimDebugger.cs(919,20): warning CS0618: 'ProceduralAnimationController' is obsolete: 'Use HybridAnimationController with NeuralAnimationController instead. See MIGRATION_GUIDE_PHASE46.md'

Assets\Scripts\Systems\PlayerCombat.cs(35,17): warning CS0618: 'ProceduralAnimationController' is obsolete: 'Use HybridAnimationController with NeuralAnimationController instead. See MIGRATION_GUIDE_PHASE46.md'

Assets\Scripts\Systems\PlayerMovement.cs(147,17): warning CS0618: 'ProceduralAnimationController' is obsolete: 'Use HybridAnimationController with NeuralAnimationController instead. See MIGRATION_GUIDE_PHASE46.md'

Assets\Scripts\Systems\Animation\Procedural\ParentVelocityProvider.cs(10,30): warning CS0618: 'ProceduralAnimationController' is obsolete: 'Use HybridAnimationController with NeuralAnimationController instead. See MIGRATION_GUIDE_PHASE46.md'

Assets\Scripts\Systems\CinemachineCameraBinder.cs(150,41): warning CS0252: Possible unintended reference comparison; to get a value comparison, cast the left hand side to type 'Object'

Assets\Scripts\Systems\Animation\ModelAnimatorAssigner.cs(104,44): warning CS0618: 'ProceduralAnimationController' is obsolete: 'Use HybridAnimationController with NeuralAnimationController instead. See MIGRATION_GUIDE_PHASE46.md'

Assets\Scripts\Systems\Animation\ModelAnimatorAssigner.cs(107,59): warning CS0618: 'ProceduralAnimationController' is obsolete: 'Use HybridAnimationController with NeuralAnimationController instead. See MIGRATION_GUIDE_PHASE46.md'

Assets\Scripts\Systems\Animation\Neural\ProgressiveRolloutManager.cs(163,31): warning CS0618: 'Object.FindObjectsOfType<T>()' is obsolete: 'Object.FindObjectsOfType has been deprecated. Use Object.FindObjectsByType instead which lets you decide whether you need the results sorted or not.  FindObjectsOfType sorts the results by InstanceID but if you do not need this using FindObjectSortMode.None is considerably faster.'

Assets\Scripts\Systems\Animation\Neural\PolicySelector.cs(1029,22): warning CS0618: 'ProceduralAnimStateMachine' is obsolete: 'Use HybridAnimationController with NeuralAnimationController instead. See MIGRATION_GUIDE_PHASE46.md'

Assets\Scripts\Systems\Animation\Neural\PolicySelector.cs(1030,22): warning CS0618: 'ProceduralAnimStateMachine' is obsolete: 'Use HybridAnimationController with NeuralAnimationController instead. See MIGRATION_GUIDE_PHASE46.md'

Assets\Scripts\Systems\Animation\Neural\PolicySelector.cs(1031,22): warning CS0618: 'ProceduralAnimStateMachine' is obsolete: 'Use HybridAnimationController with NeuralAnimationController instead. See MIGRATION_GUIDE_PHASE46.md'

Assets\Scripts\Systems\Animation\Neural\PolicySelector.cs(1032,22): warning CS0618: 'ProceduralAnimStateMachine' is obsolete: 'Use HybridAnimationController with NeuralAnimationController instead. See MIGRATION_GUIDE_PHASE46.md'

Assets\Scripts\Systems\Animation\Neural\PolicySelector.cs(1033,22): warning CS0618: 'ProceduralAnimStateMachine' is obsolete: 'Use HybridAnimationController with NeuralAnimationController instead. See MIGRATION_GUIDE_PHASE46.md'

Assets\Scripts\Systems\Animation\Neural\PolicySelector.cs(1034,22): warning CS0618: 'ProceduralAnimStateMachine' is obsolete: 'Use HybridAnimationController with NeuralAnimationController instead. See MIGRATION_GUIDE_PHASE46.md'

Assets\Scripts\Systems\Animation\Neural\PolicySelector.cs(1035,22): warning CS0618: 'ProceduralAnimStateMachine' is obsolete: 'Use HybridAnimationController with NeuralAnimationController instead. See MIGRATION_GUIDE_PHASE46.md'

Assets\Scripts\Systems\Animation\Neural\PolicySelector.cs(1036,22): warning CS0618: 'ProceduralAnimStateMachine' is obsolete: 'Use HybridAnimationController with NeuralAnimationController instead. See MIGRATION_GUIDE_PHASE46.md'

Assets\Scripts\Systems\Animation\Neural\PolicySelector.cs(1037,22): warning CS0618: 'ProceduralAnimStateMachine' is obsolete: 'Use HybridAnimationController with NeuralAnimationController instead. See MIGRATION_GUIDE_PHASE46.md'

Assets\Scripts\Systems\Animation\Neural\PolicySelector.cs(1038,22): warning CS0618: 'ProceduralAnimStateMachine' is obsolete: 'Use HybridAnimationController with NeuralAnimationController instead. See MIGRATION_GUIDE_PHASE46.md'

Assets\Scripts\Systems\Animation\Neural\MLRuntimeManager.cs(450,22): warning CS0219: The variable 'done' is assigned but its value is never used

Assets\Scripts\Systems\Animation\Neural\HybridAnimationController.cs(249,54): warning CS0618: 'ProceduralAnimationController' is obsolete: 'Use HybridAnimationController with NeuralAnimationController instead. See MIGRATION_GUIDE_PHASE46.md'

Assets\Scripts\Systems\Animation\Neural\HybridAnimationController.cs(294,54): warning CS0618: 'ProceduralAnimationController' is obsolete: 'Use HybridAnimationController with NeuralAnimationController instead. See MIGRATION_GUIDE_PHASE46.md'

Assets\Scripts\Systems\TestPlayerSetup.cs(85,44): warning CS0618: 'ProceduralAnimationController' is obsolete: 'Use HybridAnimationController with NeuralAnimationController instead. See MIGRATION_GUIDE_PHASE46.md'

Assets\Scripts\Systems\TestPlayerSetup.cs(88,44): warning CS0618: 'ProceduralAnimationController' is obsolete: 'Use HybridAnimationController with NeuralAnimationController instead. See MIGRATION_GUIDE_PHASE46.md'

Assets\Scripts\Systems\TestPlayerSetup.cs(92,33): warning CS0618: 'ProceduralAnimStateMachine' is obsolete: 'Use HybridAnimationController with NeuralAnimationController instead. See MIGRATION_GUIDE_PHASE46.md'

Assets\Scripts\Systems\TestPlayerSetup.cs(94,33): warning CS0618: 'ProceduralAnimStateMachine' is obsolete: 'Use HybridAnimationController with NeuralAnimationController instead. See MIGRATION_GUIDE_PHASE46.md'

Assets\Scripts\Systems\Animation\Neural\Evaluation\ABTestFramework.cs(112,31): warning CS0618: 'Object.FindObjectsOfType<T>()' is obsolete: 'Object.FindObjectsOfType has been deprecated. Use Object.FindObjectsByType instead which lets you decide whether you need the results sorted or not.  FindObjectsOfType sorts the results by InstanceID but if you do not need this using FindObjectSortMode.None is considerably faster.'

Assets\Scripts\Systems\TestAllInOneSetup.cs(334,37): warning CS0618: 'ProceduralAnimStateMachine' is obsolete: 'Use HybridAnimationController with NeuralAnimationController instead. See MIGRATION_GUIDE_PHASE46.md'

Assets\Scripts\Systems\TestAllInOneSetup.cs(335,37): warning CS0618: 'ProceduralAnimStateMachine' is obsolete: 'Use HybridAnimationController with NeuralAnimationController instead. See MIGRATION_GUIDE_PHASE46.md'

Assets\Scripts\Systems\TestAllInOneSetup.cs(336,37): warning CS0618: 'ProceduralAnimationController' is obsolete: 'Use HybridAnimationController with NeuralAnimationController instead. See MIGRATION_GUIDE_PHASE46.md'

Assets\Scripts\Systems\TestAllInOneSetup.cs(337,37): warning CS0618: 'ProceduralAnimationController' is obsolete: 'Use HybridAnimationController with NeuralAnimationController instead. See MIGRATION_GUIDE_PHASE46.md'

Assets\Scripts\Systems\TestAllInOneSetup.cs(840,37): warning CS0618: 'ProceduralLODManager' is obsolete: 'Use NeuralAnimationController with ONNX policies instead. See MIGRATION_GUIDE_PHASE46.md'

Assets\Scripts\Systems\TestAllInOneSetup.cs(843,36): warning CS0618: 'ProceduralLODManager' is obsolete: 'Use NeuralAnimationController with ONNX policies instead. See MIGRATION_GUIDE_PHASE46.md'

Assets\Scripts\Systems\Combat\Damageable.cs(129,45): warning CS0618: 'ProceduralAnimStateMachine' is obsolete: 'Use HybridAnimationController with NeuralAnimationController instead. See MIGRATION_GUIDE_PHASE46.md'

Assets\Scripts\Systems\Combat\Damageable.cs(140,45): warning CS0618: 'ProceduralAnimStateMachine' is obsolete: 'Use HybridAnimationController with NeuralAnimationController instead. See MIGRATION_GUIDE_PHASE46.md'

Assets\Scripts\Systems\Combat\ProceduralAttack.cs(248,44): warning CS0618: 'ProceduralAnimationController' is obsolete: 'Use HybridAnimationController with NeuralAnimationController instead. See MIGRATION_GUIDE_PHASE46.md'

Assets\Scripts\Systems\TerritoryBuilder.cs(616,97): warning CS0618: 'FindObjectsSortMode' is obsolete: 'FindObjectsSortMode has been deprecated. Use the FindObjectsByType overloads that do not take a FindObjectsSortMode parameter.'

Assets\Scripts\Systems\TerritoryBuilder.cs(616,29): warning CS0618: 'Object.FindObjectsByType<T>(FindObjectsInactive, FindObjectsSortMode)' is obsolete: 'FindObjectsByType with FindObjectsSortMode parameter has been deprecated. Use FindObjectsByType<T>() or FindObjectsByType<T>(FindObjectsInactive) instead. InstanceID will be replaced in the future with EntityId and previous sort order cannot be maintained.'

Assets\Scripts\Systems\TerritoryBuilder.cs(619,91): warning CS0618: 'FindObjectsSortMode' is obsolete: 'FindObjectsSortMode has been deprecated. Use the FindObjectsByType overloads that do not take a FindObjectsSortMode parameter.'

Assets\Scripts\Systems\TerritoryBuilder.cs(619,26): warning CS0618: 'Object.FindObjectsByType<T>(FindObjectsInactive, FindObjectsSortMode)' is obsolete: 'FindObjectsByType with FindObjectsSortMode parameter has been deprecated. Use FindObjectsByType<T>() or FindObjectsByType<T>(FindObjectsInactive) instead. InstanceID will be replaced in the future with EntityId and previous sort order cannot be maintained.'

Assets\Scripts\Systems\TerritoryBuilder.cs(623,88): warning CS0618: 'FindObjectsSortMode' is obsolete: 'FindObjectsSortMode has been deprecated. Use the FindObjectsByType overloads that do not take a FindObjectsSortMode parameter.'

Assets\Scripts\Systems\TerritoryBuilder.cs(623,30): warning CS0618: 'Object.FindObjectsByType<T>(FindObjectsInactive, FindObjectsSortMode)' is obsolete: 'FindObjectsByType with FindObjectsSortMode parameter has been deprecated. Use FindObjectsByType<T>() or FindObjectsByType<T>(FindObjectsInactive) instead. InstanceID will be replaced in the future with EntityId and previous sort order cannot be maintained.'

Assets\Scripts\Systems\TerrainTextureApplier.cs(209,70): warning CS0618: 'FindObjectsSortMode' is obsolete: 'FindObjectsSortMode has been deprecated. Use the FindObjectsByType overloads that do not take a FindObjectsSortMode parameter.'

Assets\Scripts\Systems\TerrainTextureApplier.cs(209,31): warning CS0618: 'Object.FindObjectsByType<T>(FindObjectsSortMode)' is obsolete: 'FindObjectsByType with FindObjectsSortMode parameter has been deprecated. Use FindObjectsByType<T>() or FindObjectsByType<T>(FindObjectsInactive) instead. InstanceID will be replaced in the future with EntityId and previous sort order cannot be maintained.'

Assets\Scripts\Systems\HerbPickup.cs(100,72): warning CS0618: 'ProceduralAnimationController' is obsolete: 'Use HybridAnimationController with NeuralAnimationController instead. See MIGRATION_GUIDE_PHASE46.md'

Assets\Scripts\Systems\HerbPickup.cs(105,68): warning CS0618: 'ProceduralAnimationController' is obsolete: 'Use HybridAnimationController with NeuralAnimationController instead. See MIGRATION_GUIDE_PHASE46.md'

Assets\Scripts\Systems\HumanoidClipDriver.cs(193,49): warning CS0618: 'ProceduralAnimationController' is obsolete: 'Use HybridAnimationController with NeuralAnimationController instead. See MIGRATION_GUIDE_PHASE46.md'

Assets\Scripts\Systems\LightShaftBillboard.cs(259,52): warning CS0618: 'FindObjectsSortMode' is obsolete: 'FindObjectsSortMode has been deprecated. Use the FindObjectsByType overloads that do not take a FindObjectsSortMode parameter.'

Assets\Scripts\Systems\LightShaftBillboard.cs(259,27): warning CS0618: 'Object.FindObjectsByType<T>(FindObjectsSortMode)' is obsolete: 'FindObjectsByType with FindObjectsSortMode parameter has been deprecated. Use FindObjectsByType<T>() or FindObjectsByType<T>(FindObjectsInactive) instead. InstanceID will be replaced in the future with EntityId and previous sort order cannot be maintained.'

Assets\Scripts\Systems\TerrainPathGenerator.cs(320,19): warning CS0219: The variable 'halfW2' is assigned but its value is never used

Assets\Scripts\Systems\IdyllicDecoPlacer.cs(1613,23): warning CS0618: 'Object.GetInstanceID()' is obsolete: 'GetInstanceID is deprecated. Use GetEntityId instead. This will be removed in a future version.'

Assets\Scripts\Systems\MountSystem.cs(441,83): warning CS0618: 'ProceduralAnimationController' is obsolete: 'Use HybridAnimationController with NeuralAnimationController instead. See MIGRATION_GUIDE_PHASE46.md'

Assets\Scripts\Systems\MountSystem.cs(495,83): warning CS0618: 'ProceduralAnimationController' is obsolete: 'Use HybridAnimationController with NeuralAnimationController instead. See MIGRATION_GUIDE_PHASE46.md'

Assets\Scripts\Systems\MountSystem.cs(503,83): warning CS0618: 'ProceduralAnimationController' is obsolete: 'Use HybridAnimationController with NeuralAnimationController instead. See MIGRATION_GUIDE_PHASE46.md'

Assets\Scripts\Systems\MountSystem.cs(561,83): warning CS0618: 'ProceduralAnimationController' is obsolete: 'Use HybridAnimationController with NeuralAnimationController instead. See MIGRATION_GUIDE_PHASE46.md'

Assets\Scripts\Systems\MountSystem.cs(569,83): warning CS0618: 'ProceduralAnimationController' is obsolete: 'Use HybridAnimationController with NeuralAnimationController instead. See MIGRATION_GUIDE_PHASE46.md'

Assets\Scripts\Systems\PlayerMovement.cs(191,41): warning CS0618: 'Object.FindFirstObjectByType<T>()' is obsolete: 'FindFirstObjectByType has been deprecated because it relies on instance ID ordering. Use FindAnyObjectByType instead, which does not depend on ordering.'

Assets\Scripts\Systems\PlayerMovement.cs(220,62): warning CS0618: 'ProceduralAnimationController' is obsolete: 'Use HybridAnimationController with NeuralAnimationController instead. See MIGRATION_GUIDE_PHASE46.md'

Assets\Scripts\Systems\PlayerMovement.cs(225,66): warning CS0618: 'ProceduralAnimationController' is obsolete: 'Use HybridAnimationController with NeuralAnimationController instead. See MIGRATION_GUIDE_PHASE46.md'

Assets\Scripts\Systems\PlayerCombat.cs(81,54): warning CS0618: 'ProceduralAnimationController' is obsolete: 'Use HybridAnimationController with NeuralAnimationController instead. See MIGRATION_GUIDE_PHASE46.md'

Assets\Scripts\Systems\PlayerCombat.cs(86,58): warning CS0618: 'ProceduralAnimationController' is obsolete: 'Use HybridAnimationController with NeuralAnimationController instead. See MIGRATION_GUIDE_PHASE46.md'

Assets\Scripts\Systems\SoldierIdlePose.cs(115,52): warning CS0618: 'Object.GetInstanceID()' is obsolete: 'GetInstanceID is deprecated. Use GetEntityId instead. This will be removed in a future version.'

Assets\Scripts\Systems\TestTerritorySetup.cs(30,40): warning CS0414: The field 'TestTerritorySetup._orbitRadius' is assigned but its value is never used

Assets\Scripts\Systems\TestAllInOneSetup.cs(34,40): warning CS0414: The field 'TestAllInOneSetup._orbitRadius' is assigned but its value is never used

Assets\Scripts\Systems\TestCombatSetup.cs(19,40): warning CS0414: The field 'TestCombatSetup._runSpeed' is assigned but its value is never used

Assets\Scripts\Systems\Animation\Neural\HybridAnimationController.cs(58,31): warning CS0414: The field 'HybridAnimationController._useLODManager' is assigned but its value is never used

Assets\Scripts\Systems\TemperatureSystem.cs(17,40): warning CS0414: The field 'TemperatureSystem._changeRate' is assigned but its value is never used

Assets\Scripts\Systems\TestPlayerSetup.cs(26,36): warning CS0414: The field 'TestPlayerSetup._defaultPitch' is assigned but its value is never used

Assets\Scripts\Systems\Animation\Procedural\ProceduralAnimationController.cs(65,47): warning CS0414: The field 'ProceduralAnimationController.armSwingAmount' is assigned but its value is never used

Assets\Scripts\Systems\QuadrupedProceduralAnimation.cs(38,55): warning CS0414: The field 'QuadrupedProceduralAnimation._spineIKWeight' is assigned but its value is never used

Assets\Scripts\Systems\TestTerritorySetup.cs(27,40): warning CS0414: The field 'TestTerritorySetup._runSpeed' is assigned but its value is never used

Assets\Scripts\Systems\TestAllInOneSetup.cs(35,40): warning CS0414: The field 'TestAllInOneSetup._defaultPitch' is assigned but its value is never used

Assets\Scripts\Systems\TestAllInOneSetup.cs(31,40): warning CS0414: The field 'TestAllInOneSetup._jumpHeight' is assigned but its value is never used

Assets\Scripts\Systems\TestCraftSetup.cs(27,40): warning CS0414: The field 'TestCraftSetup._runSpeed' is assigned but its value is never used

Assets\Scripts\Systems\TestCraftSetup.cs(30,40): warning CS0414: The field 'TestCraftSetup._orbitRadius' is assigned but its value is never used

Assets\Scripts\Systems\Animation\Procedural\ProceduralAnimationController.cs(66,47): warning CS0414: The field 'ProceduralAnimationController.headStabilization' is assigned but its value is never used

Assets\Scripts\Systems\Animation\Neural\ModelManagement\AvatarFineTuningConfig.cs(17,47): warning CS0414: The field 'AvatarFineTuningConfig._evasionBias' is assigned but its value is never used

Assets\Scripts\Systems\Animation\Procedural\ProceduralAnimationController.cs(179,14): warning CS0414: The field 'ProceduralAnimationController._lodSpineWaveEnabled' is assigned but its value is never used

Assets\Scripts\Systems\TestTerritorySetup.cs(26,40): warning CS0414: The field 'TestTerritorySetup._walkSpeed' is assigned but its value is never used

Assets\Scripts\Systems\TestAllInOneSetup.cs(29,40): warning CS0414: The field 'TestAllInOneSetup._walkSpeed' is assigned but its value is never used

Assets\Scripts\Systems\Animation\Procedural\SpecialCreatureAnimator.cs(23,32): warning CS0414: The field 'SpecialCreatureAnimator._turnSpeed' is assigned but its value is never used

Assets\Scripts\Systems\TestCombatSetup.cs(18,40): warning CS0414: The field 'TestCombatSetup._walkSpeed' is assigned but its value is never used

Assets\Scripts\Systems\TestPlayerSetup.cs(25,36): warning CS0414: The field 'TestPlayerSetup._orbitRadius' is assigned but its value is never used

Assets\Scripts\Systems\TestCraftSetup.cs(31,40): warning CS0414: The field 'TestCraftSetup._defaultPitch' is assigned but its value is never used

Assets\Scripts\Systems\QuadrupedProceduralAnimation.cs(44,40): warning CS0414: The field 'QuadrupedProceduralAnimation._dutyCycle' is assigned but its value is never used

Assets\Scripts\Systems\TestCraftSetup.cs(26,40): warning CS0414: The field 'TestCraftSetup._walkSpeed' is assigned but its value is never used

Assets\Scripts\Systems\Animation\Procedural\LOD\ProceduralLODSystem.cs(137,31): warning CS0414: The field 'ProceduralLODManager._enableFrustumCulling' is assigned but its value is never used

Assets\Scripts\Systems\Animation\Procedural\SpecialCreatureAnimator.cs(22,32): warning CS0414: The field 'SpecialCreatureAnimator._moveSpeed' is assigned but its value is never used

Assets\Scripts\Systems\TestCombatSetup.cs(15,38): warning CS0414: The field 'TestCombatSetup._monsterCount' is assigned but its value is never used

Assets\Scripts\Systems\QuadrupedPoseController.cs(24,55): warning CS0414: The field 'QuadrupedPoseController._stepPhaseOffset' is assigned but its value is never used

Assets\Scripts\Systems\TestAllInOneSetup.cs(30,40): warning CS0414: The field 'TestAllInOneSetup._runSpeed' is assigned but its value is never used

Assets\Scripts\Systems\QuadrupedProceduralAnimation.cs(26,40): warning CS0414: The field 'QuadrupedProceduralAnimation._paceSpeed' is assigned but its value is never used

Assets\Scripts\Systems\Animation\Neural\ModelManagement\AvatarFineTuningConfig.cs(15,47): warning CS0414: The field 'AvatarFineTuningConfig._aggressionBias' is assigned but its value is never used

Assets\Scripts\Systems\QuadrupedProceduralLocomotion.cs(27,40): warning CS0414: The field 'QuadrupedProceduralLocomotion._trotSpeed' is assigned but its value is never used

Assets\Scripts\Systems\Animation\Neural\HybridAnimationController.cs(63,47): warning CS0414: The field 'HybridAnimationController._rootMotionProceduralWeight' is assigned but its value is never used

Assets\Scripts\Systems\QuadrupedProceduralAnimation.cs(43,40): warning CS0414: The field 'QuadrupedProceduralAnimation._stepHeight' is assigned but its value is never used

Assets\Scripts\Systems\Animation\Neural\ModelManagement\AvatarFineTuningConfig.cs(16,47): warning CS0414: The field 'AvatarFineTuningConfig._defenseBias' is assigned but its value is never used

Assets\Scripts\Systems\QuadrupedProceduralAnimation.cs(24,40): warning CS0414: The field 'QuadrupedProceduralAnimation._walkSpeed' is assigned but its value is never used

Assets\Scripts\Systems\QuadrupedProceduralLocomotion.cs(33,40): warning CS0414: The field 'QuadrupedProceduralLocomotion._dutyCycle' is assigned but its value is never used

Assets\Scripts\Systems\TestTerritorySetup.cs(31,40): warning CS0414: The field 'TestTerritorySetup._defaultPitch' is assigned but its value is never used

Assets\Scripts\Systems\QuadrupedProceduralLocomotion.cs(26,40): warning CS0414: The field 'QuadrupedProceduralLocomotion._walkSpeed' is assigned but its value is never used

Assets\Scripts\Systems\QuadrupedProceduralAnimation.cs(92,23): warning CS0414: The field 'QuadrupedProceduralAnimation._actionTimer' is assigned but its value is never used

Assets\Scripts\Systems\QuadrupedProceduralLocomotion.cs(28,40): warning CS0414: The field 'QuadrupedProceduralLocomotion._paceSpeed' is assigned but its value is never used
[1386/1401  1s] ILPostProcess Library/Bee/artifacts/1900b0aE.dag/post-processed/ProjectName.Systems.dll (+pdb)
Processing assembly Library/Bee/artifacts/1900b0aE.dag/ProjectName.Systems.dll, with 144 defines and 286 references

processors: Unity.Jobs.CodeGen.JobsILPostProcessor, zzzUnity.Burst.CodeGen.BurstILPostProcessor

running Unity.Jobs.CodeGen.JobsILPostProcessor

running zzzUnity.Burst.CodeGen.BurstILPostProcessor
[1387/1401  0s] CopyFiles Library/ScriptAssemblies/ProjectName.Systems.pdb
[1388/1401  2s] Csc Library/Bee/artifacts/1900b0aE.dag/ProjectName.UI.dll (+2 others)
Assets\Scripts\UI\AlchemyUI.cs(10,7): warning CS0105: The using directive for 'ProjectName.Core' appeared previously in this namespace

Assets\Scripts\UI\ChurchSystemUI.cs(7,7): warning CS0105: The using directive for 'ProjectName.Core' appeared previously in this namespace

Assets\Scripts\UI\Functions\LoadGameUI.cs(6,7): warning CS0105: The using directive for 'ProjectName.Core' appeared previously in this namespace

Assets\Scripts\UI\QuickSlotUI.cs(6,7): warning CS0105: The using directive for 'ProjectName.Core' appeared previously in this namespace

Assets\Scripts\UI\TutorialRevengeListIntegration.cs(3,7): warning CS0105: The using directive for 'ProjectName.Core' appeared previously in this namespace

Assets\Scripts\UI\Core\MessageSystem.cs(17,21): warning CS0108: 'MessageSystem.SendMessage(string)' hides inherited member 'Component.SendMessage(string)'. Use the new keyword if hiding was intended.

Assets\Scripts\UI\Effects\ParticleEffect.cs(9,49): warning CS0108: 'ParticleEffect.particleSystem' hides inherited member 'Component.particleSystem'. Use the new keyword if hiding was intended.

Assets\Scripts\UI\Functions\UIChatSystem.cs(40,21): warning CS0108: 'UIChatSystem.SendMessage(string)' hides inherited member 'Component.SendMessage(string)'. Use the new keyword if hiding was intended.

Assets\Scripts\UI\HotbarUI.cs(45,28): warning CS0618: 'Object.FindFirstObjectByType<T>()' is obsolete: 'FindFirstObjectByType has been deprecated because it relies on instance ID ordering. Use FindAnyObjectByType instead, which does not depend on ordering.'

Assets\Scripts\UI\HotbarUI.cs(287,22): warning CS0618: 'Object.FindFirstObjectByType<T>()' is obsolete: 'FindFirstObjectByType has been deprecated because it relies on instance ID ordering. Use FindAnyObjectByType instead, which does not depend on ordering.'

Assets\Scripts\UI\InventoryWindow.cs(1105,22): warning CS0618: 'Object.FindFirstObjectByType<T>()' is obsolete: 'FindFirstObjectByType has been deprecated because it relies on instance ID ordering. Use FindAnyObjectByType instead, which does not depend on ordering.'

Assets\Scripts\UI\HUD.cs(114,38): warning CS0414: The field 'HUD._stealthIconY' is assigned but its value is never used
[1389/1401  0s] ILPostProcess Library/Bee/artifacts/1900b0aE.dag/post-processed/ProjectName.UI.dll (+pdb)
Processing assembly Library/Bee/artifacts/1900b0aE.dag/ProjectName.UI.dll, with 144 defines and 286 references

processors: Unity.Jobs.CodeGen.JobsILPostProcessor, zzzUnity.Burst.CodeGen.BurstILPostProcessor

running Unity.Jobs.CodeGen.JobsILPostProcessor

running zzzUnity.Burst.CodeGen.BurstILPostProcessor
[1390/1401  0s] CopyFiles Library/ScriptAssemblies/ProjectName.UI.pdb
[1391/1401  0s] CopyFiles Library/ScriptAssemblies/ProjectName.UI.dll
[1392/1401  0s] CopyFiles Library/ScriptAssemblies/ProjectName.Systems.dll
[1393/1401  0s] Csc Library/Bee/artifacts/1900b0aE.dag/Assembly-CSharp.dll (+2 others)
Assets\GameSetup.cs(7,7): warning CS0105: The using directive for 'ProjectName.Core' appeared previously in this namespace

Assets\GameSetup.cs(230,46): warning CS0618: 'FindObjectsSortMode' is obsolete: 'FindObjectsSortMode has been deprecated. Use the FindObjectsByType overloads that do not take a FindObjectsSortMode parameter.'

Assets\GameSetup.cs(229,23): warning CS0618: 'Object.FindObjectsByType<T>(FindObjectsInactive, FindObjectsSortMode)' is obsolete: 'FindObjectsByType with FindObjectsSortMode parameter has been deprecated. Use FindObjectsByType<T>() or FindObjectsByType<T>(FindObjectsInactive) instead. InstanceID will be replaced in the future with EntityId and previous sort order cannot be maintained.'
[1394/1401  1s] Csc Library/Bee/artifacts/1900b0aE.dag/Assembly-CSharp-Editor.dll (+2 others)
Assets\Editor\FixMainScene.cs(5,7): warning CS0105: The using directive for 'UnityEngine.SceneManagement' appeared previously in this namespace

Assets\Editor\DayNightCycleReferenceFixer.cs(24,19): warning CS0618: 'Object.FindFirstObjectByType<T>()' is obsolete: 'FindFirstObjectByType has been deprecated because it relies on instance ID ordering. Use FindAnyObjectByType instead, which does not depend on ordering.'

Assets\Editor\CapturePlayFrame.cs(19,57): warning CS0618: 'FindObjectsSortMode' is obsolete: 'FindObjectsSortMode has been deprecated. Use the FindObjectsByType overloads that do not take a FindObjectsSortMode parameter.'

Assets\Editor\CapturePlayFrame.cs(19,24): warning CS0618: 'Object.FindObjectsByType<T>(FindObjectsSortMode)' is obsolete: 'FindObjectsByType with FindObjectsSortMode parameter has been deprecated. Use FindObjectsByType<T>() or FindObjectsByType<T>(FindObjectsInactive) instead. InstanceID will be replaced in the future with EntityId and previous sort order cannot be maintained.'

Assets\Editor\FixFinal_Complete.cs(86,44): warning CS0618: 'CinemachineCollider' is obsolete: 'CinemachineCollider has been deprecated. Use CinemachineDeoccluder instead'

Assets\Editor\FixFinal_Complete.cs(87,62): warning CS0618: 'CinemachineCollider' is obsolete: 'CinemachineCollider has been deprecated. Use CinemachineDeoccluder instead'

Assets\Editor\FixFinal_Complete.cs(93,32): warning CS0618: 'CinemachineCollider' is obsolete: 'CinemachineCollider has been deprecated. Use CinemachineDeoccluder instead'

Assets\Editor\DeepDiagnoseScene.cs(193,26): warning CS0618: 'Object.FindFirstObjectByType<T>()' is obsolete: 'FindFirstObjectByType has been deprecated because it relies on instance ID ordering. Use FindAnyObjectByType instead, which does not depend on ordering.'

Assets\Editor\DiagnoseTerrain.cs(19,59): warning CS0618: 'FindObjectsSortMode' is obsolete: 'FindObjectsSortMode has been deprecated. Use the FindObjectsByType overloads that do not take a FindObjectsSortMode parameter.'

Assets\Editor\DiagnoseTerrain.cs(19,27): warning CS0618: 'Object.FindObjectsByType<T>(FindObjectsSortMode)' is obsolete: 'FindObjectsByType with FindObjectsSortMode parameter has been deprecated. Use FindObjectsByType<T>() or FindObjectsByType<T>(FindObjectsInactive) instead. InstanceID will be replaced in the future with EntityId and previous sort order cannot be maintained.'

Assets\Editor\FixPhase1_Terrain.cs(51,26): warning CS0618: 'Object.FindFirstObjectByType<T>()' is obsolete: 'FindFirstObjectByType has been deprecated because it relies on instance ID ordering. Use FindAnyObjectByType instead, which does not depend on ordering.'

Assets\Editor\GroundDiagRunner.cs(19,25): warning CS0618: 'Object.FindObjectsOfType<T>()' is obsolete: 'Object.FindObjectsOfType has been deprecated. Use Object.FindObjectsByType instead which lets you decide whether you need the results sorted or not.  FindObjectsOfType sorts the results by InstanceID but if you do not need this using FindObjectSortMode.None is considerably faster.'

Assets\Editor\FixAllCriticalIssues.cs(207,27): warning CS0618: 'Object.FindFirstObjectByType<T>()' is obsolete: 'FindFirstObjectByType has been deprecated because it relies on instance ID ordering. Use FindAnyObjectByType instead, which does not depend on ordering.'

Assets\Editor\FixAllCriticalIssues.cs(216,32): warning CS0618: 'Object.FindFirstObjectByType<T>()' is obsolete: 'FindFirstObjectByType has been deprecated because it relies on instance ID ordering. Use FindAnyObjectByType instead, which does not depend on ordering.'

Assets\Editor\FixAllCriticalIssues.cs(225,28): warning CS0618: 'Object.FindFirstObjectByType<T>()' is obsolete: 'FindFirstObjectByType has been deprecated because it relies on instance ID ordering. Use FindAnyObjectByType instead, which does not depend on ordering.'

Assets\Editor\FixAllCriticalIssues.cs(242,25): warning CS0618: 'Object.FindFirstObjectByType<T>()' is obsolete: 'FindFirstObjectByType has been deprecated because it relies on instance ID ordering. Use FindAnyObjectByType instead, which does not depend on ordering.'

Assets\Editor\FixPhase4_Camera.cs(106,44): warning CS0618: 'CinemachineCollider' is obsolete: 'CinemachineCollider has been deprecated. Use CinemachineDeoccluder instead'

Assets\Editor\FixPhase4_Camera.cs(107,62): warning CS0618: 'CinemachineCollider' is obsolete: 'CinemachineCollider has been deprecated. Use CinemachineDeoccluder instead'

Assets\Editor\FixPhase4_Camera.cs(113,32): warning CS0618: 'CinemachineCollider' is obsolete: 'CinemachineCollider has been deprecated. Use CinemachineDeoccluder instead'

Assets\Editor\DeepDiagnoseScene.cs(454,21): warning CS0618: 'Object.FindFirstObjectByType<T>()' is obsolete: 'FindFirstObjectByType has been deprecated because it relies on instance ID ordering. Use FindAnyObjectByType instead, which does not depend on ordering.'

Assets\Editor\FixMainScene.cs(939,19): warning CS0618: 'Object.FindFirstObjectByType<T>()' is obsolete: 'FindFirstObjectByType has been deprecated because it relies on instance ID ordering. Use FindAnyObjectByType instead, which does not depend on ordering.'
[1395/1401  1s] ILPostProcess Library/Bee/artifacts/1900b0aE.dag/post-processed/Assembly-CSharp-Editor.dll (+pdb)
Processing assembly Library/Bee/artifacts/1900b0aE.dag/Assembly-CSharp-Editor.dll, with 142 defines and 381 references

processors: Unity.Jobs.CodeGen.JobsILPostProcessor, zzzUnity.Burst.CodeGen.BurstILPostProcessor

running Unity.Jobs.CodeGen.JobsILPostProcessor

running zzzUnity.Burst.CodeGen.BurstILPostProcessor
[1396/1401  4s] ILPostProcess Library/Bee/artifacts/1900b0aE.dag/post-processed/Assembly-CSharp.dll (+pdb)
Processing assembly Library/Bee/artifacts/1900b0aE.dag/Assembly-CSharp.dll, with 144 defines and 355 references

processors: Unity.Jobs.CodeGen.JobsILPostProcessor, zzzUnity.Burst.CodeGen.BurstILPostProcessor

running Unity.Jobs.CodeGen.JobsILPostProcessor

running zzzUnity.Burst.CodeGen.BurstILPostProcessor
[1397/1401  0s] CopyFiles Library/ScriptAssemblies/Assembly-CSharp-Editor.pdb
[1398/1401  0s] CopyFiles Library/ScriptAssemblies/Assembly-CSharp.pdb
[1399/1401  0s] CopyFiles Library/ScriptAssemblies/Assembly-CSharp.dll
[1400/1401  0s] CopyFiles Library/ScriptAssemblies/Assembly-CSharp-Editor.dll
*** Tundra build success (22.05 seconds), 19 items updated, 1401 evaluated
Assets\Scripts\Systems\Animation\ModelAnimatorAssigner.cs(251,16): warning CS0618: 'ProceduralAnimationController' is obsolete: 'Use HybridAnimationController with NeuralAnimationController instead. See MIGRATION_GUIDE_PHASE46.md'
Assets\Scripts\Systems\Animation\ModelAnimatorAssigner.cs(32,9): warning CS0618: 'ProceduralAnimationController' is obsolete: 'Use HybridAnimationController with NeuralAnimationController instead. See MIGRATION_GUIDE_PHASE46.md'
Assets\Scripts\Systems\Animation\Neural\HybridAnimationController.cs(790,16): warning CS0618: 'ProceduralAnimationController' is obsolete: 'Use HybridAnimationController with NeuralAnimationController instead. See MIGRATION_GUIDE_PHASE46.md'
Assets\Scripts\Systems\Animation\Neural\HybridAnimationController.cs(27,26): warning CS0618: 'ProceduralAnimationController' is obsolete: 'Use HybridAnimationController with NeuralAnimationController instead. See MIGRATION_GUIDE_PHASE46.md'
Assets\Scripts\Systems\Combat\ProceduralAttack.cs(204,34): warning CS0618: 'ProceduralAnimationController' is obsolete: 'Use HybridAnimationController with NeuralAnimationController instead. See MIGRATION_GUIDE_PHASE46.md'
Assets\Scripts\Systems\Animation\Neural\PolicySelector.cs(1025,72): warning CS0618: 'ProceduralAnimStateMachine' is obsolete: 'Use HybridAnimationController with NeuralAnimationController instead. See MIGRATION_GUIDE_PHASE46.md'
Assets\Scripts\Systems\HerbPickup.cs(48,17): warning CS0618: 'ProceduralAnimationController' is obsolete: 'Use HybridAnimationController with NeuralAnimationController instead. See MIGRATION_GUIDE_PHASE46.md'
Assets\Scripts\Systems\Animation\Procedural\Debug\ProceduralAnimDebugger.cs(67,37): warning CS0618: 'ProceduralAnimationController' is obsolete: 'Use HybridAnimationController with NeuralAnimationController instead. See MIGRATION_GUIDE_PHASE46.md'
Assets\Scripts\Systems\Animation\Procedural\Debug\ProceduralAnimDebugger.cs(293,38): warning CS0618: 'ProceduralAnimationController' is obsolete: 'Use HybridAnimationController with NeuralAnimationController instead. See MIGRATION_GUIDE_PHASE46.md'
Assets\Scripts\Systems\Animation\Procedural\Debug\ProceduralAnimDebugger.cs(429,35): warning CS0618: 'ProceduralAnimationController' is obsolete: 'Use HybridAnimationController with NeuralAnimationController instead. See MIGRATION_GUIDE_PHASE46.md'
Assets\Scripts\Systems\Animation\Procedural\Debug\ProceduralAnimDebugger.cs(502,40): warning CS0618: 'ProceduralAnimationController' is obsolete: 'Use HybridAnimationController with NeuralAnimationController instead. See MIGRATION_GUIDE_PHASE46.md'
Assets\Scripts\Systems\Animation\Procedural\Debug\ProceduralAnimDebugger.cs(596,35): warning CS0618: 'ProceduralAnimationController' is obsolete: 'Use HybridAnimationController with NeuralAnimationController instead. See MIGRATION_GUIDE_PHASE46.md'
Assets\Scripts\Systems\Animation\Procedural\Debug\ProceduralAnimDebugger.cs(688,37): warning CS0618: 'ProceduralAnimationController' is obsolete: 'Use HybridAnimationController with NeuralAnimationController instead. See MIGRATION_GUIDE_PHASE46.md'
Assets\Scripts\Systems\Animation\Procedural\Debug\ProceduralAnimDebugger.cs(801,36): warning CS0618: 'ProceduralAnimationController' is obsolete: 'Use HybridAnimationController with NeuralAnimationController instead. See MIGRATION_GUIDE_PHASE46.md'
Assets\Scripts\Systems\Animation\Procedural\Debug\ProceduralAnimDebugger.cs(819,40): warning CS0618: 'ProceduralAnimationController' is obsolete: 'Use HybridAnimationController with NeuralAnimationController instead. See MIGRATION_GUIDE_PHASE46.md'
Assets\Scripts\Systems\Animation\Procedural\Debug\ProceduralAnimDebugger.cs(873,37): warning CS0618: 'ProceduralAnimationController' is obsolete: 'Use HybridAnimationController with NeuralAnimationController instead. See MIGRATION_GUIDE_PHASE46.md'
Assets\Scripts\Systems\Animation\Procedural\Debug\ProceduralAnimDebugger.cs(880,39): warning CS0618: 'ProceduralAnimationController' is obsolete: 'Use HybridAnimationController with NeuralAnimationController instead. See MIGRATION_GUIDE_PHASE46.md'
Assets\Scripts\Systems\Animation\Procedural\Debug\ProceduralAnimDebugger.cs(895,41): warning CS0618: 'ProceduralAnimationController' is obsolete: 'Use HybridAnimationController with NeuralAnimationController instead. See MIGRATION_GUIDE_PHASE46.md'
Assets\Scripts\Systems\Animation\Procedural\Debug\ProceduralAnimDebugger.cs(919,20): warning CS0618: 'ProceduralAnimationController' is obsolete: 'Use HybridAnimationController with NeuralAnimationController instead. See MIGRATION_GUIDE_PHASE46.md'
Assets\Scripts\Systems\PlayerCombat.cs(35,17): warning CS0618: 'ProceduralAnimationController' is obsolete: 'Use HybridAnimationController with NeuralAnimationController instead. See MIGRATION_GUIDE_PHASE46.md'
Assets\Scripts\Systems\PlayerMovement.cs(147,17): warning CS0618: 'ProceduralAnimationController' is obsolete: 'Use HybridAnimationController with NeuralAnimationController instead. See MIGRATION_GUIDE_PHASE46.md'
Assets\Scripts\Systems\Animation\Procedural\ParentVelocityProvider.cs(10,30): warning CS0618: 'ProceduralAnimationController' is obsolete: 'Use HybridAnimationController with NeuralAnimationController instead. See MIGRATION_GUIDE_PHASE46.md'
Assets\Scripts\Systems\CinemachineCameraBinder.cs(150,41): warning CS0252: Possible unintended reference comparison; to get a value comparison, cast the left hand side to type 'Object'
Assets\Scripts\Systems\Animation\ModelAnimatorAssigner.cs(104,44): warning CS0618: 'ProceduralAnimationController' is obsolete: 'Use HybridAnimationController with NeuralAnimationController instead. See MIGRATION_GUIDE_PHASE46.md'
Assets\Scripts\Systems\Animation\ModelAnimatorAssigner.cs(107,59): warning CS0618: 'ProceduralAnimationController' is obsolete: 'Use HybridAnimationController with NeuralAnimationController instead. See MIGRATION_GUIDE_PHASE46.md'
Assets\Scripts\Systems\Animation\Neural\ProgressiveRolloutManager.cs(163,31): warning CS0618: 'Object.FindObjectsOfType<T>()' is obsolete: 'Object.FindObjectsOfType has been deprecated. Use Object.FindObjectsByType instead which lets you decide whether you need the results sorted or not.  FindObjectsOfType sorts the results by InstanceID but if you do not need this using FindObjectSortMode.None is considerably faster.'
Assets\Scripts\Systems\Animation\Neural\PolicySelector.cs(1029,22): warning CS0618: 'ProceduralAnimStateMachine' is obsolete: 'Use HybridAnimationController with NeuralAnimationController instead. See MIGRATION_GUIDE_PHASE46.md'
Assets\Scripts\Systems\Animation\Neural\PolicySelector.cs(1030,22): warning CS0618: 'ProceduralAnimStateMachine' is obsolete: 'Use HybridAnimationController with NeuralAnimationController instead. See MIGRATION_GUIDE_PHASE46.md'
Assets\Scripts\Systems\Animation\Neural\PolicySelector.cs(1031,22): warning CS0618: 'ProceduralAnimStateMachine' is obsolete: 'Use HybridAnimationController with NeuralAnimationController instead. See MIGRATION_GUIDE_PHASE46.md'
Assets\Scripts\Systems\Animation\Neural\PolicySelector.cs(1032,22): warning CS0618: 'ProceduralAnimStateMachine' is obsolete: 'Use HybridAnimationController with NeuralAnimationController instead. See MIGRATION_GUIDE_PHASE46.md'
Assets\Scripts\Systems\Animation\Neural\PolicySelector.cs(1033,22): warning CS0618: 'ProceduralAnimStateMachine' is obsolete: 'Use HybridAnimationController with NeuralAnimationController instead. See MIGRATION_GUIDE_PHASE46.md'
Assets\Scripts\Systems\Animation\Neural\PolicySelector.cs(1034,22): warning CS0618: 'ProceduralAnimStateMachine' is obsolete: 'Use HybridAnimationController with NeuralAnimationController instead. See MIGRATION_GUIDE_PHASE46.md'
Assets\Scripts\Systems\Animation\Neural\PolicySelector.cs(1035,22): warning CS0618: 'ProceduralAnimStateMachine' is obsolete: 'Use HybridAnimationController with NeuralAnimationController instead. See MIGRATION_GUIDE_PHASE46.md'
Assets\Scripts\Systems\Animation\Neural\PolicySelector.cs(1036,22): warning CS0618: 'ProceduralAnimStateMachine' is obsolete: 'Use HybridAnimationController with NeuralAnimationController instead. See MIGRATION_GUIDE_PHASE46.md'
Assets\Scripts\Systems\Animation\Neural\PolicySelector.cs(1037,22): warning CS0618: 'ProceduralAnimStateMachine' is obsolete: 'Use HybridAnimationController with NeuralAnimationController instead. See MIGRATION_GUIDE_PHASE46.md'
Assets\Scripts\Systems\Animation\Neural\PolicySelector.cs(1038,22): warning CS0618: 'ProceduralAnimStateMachine' is obsolete: 'Use HybridAnimationController with NeuralAnimationController instead. See MIGRATION_GUIDE_PHASE46.md'
Assets\Scripts\Systems\Animation\Neural\MLRuntimeManager.cs(450,22): warning CS0219: The variable 'done' is assigned but its value is never used
Assets\Scripts\Systems\Animation\Neural\HybridAnimationController.cs(249,54): warning CS0618: 'ProceduralAnimationController' is obsolete: 'Use HybridAnimationController with NeuralAnimationController instead. See MIGRATION_GUIDE_PHASE46.md'
Assets\Scripts\Systems\Animation\Neural\HybridAnimationController.cs(294,54): warning CS0618: 'ProceduralAnimationController' is obsolete: 'Use HybridAnimationController with NeuralAnimationController instead. See MIGRATION_GUIDE_PHASE46.md'
Assets\Scripts\Systems\TestPlayerSetup.cs(85,44): warning CS0618: 'ProceduralAnimationController' is obsolete: 'Use HybridAnimationController with NeuralAnimationController instead. See MIGRATION_GUIDE_PHASE46.md'
Assets\Scripts\Systems\TestPlayerSetup.cs(88,44): warning CS0618: 'ProceduralAnimationController' is obsolete: 'Use HybridAnimationController with NeuralAnimationController instead. See MIGRATION_GUIDE_PHASE46.md'
Assets\Scripts\Systems\TestPlayerSetup.cs(92,33): warning CS0618: 'ProceduralAnimStateMachine' is obsolete: 'Use HybridAnimationController with NeuralAnimationController instead. See MIGRATION_GUIDE_PHASE46.md'
Assets\Scripts\Systems\TestPlayerSetup.cs(94,33): warning CS0618: 'ProceduralAnimStateMachine' is obsolete: 'Use HybridAnimationController with NeuralAnimationController instead. See MIGRATION_GUIDE_PHASE46.md'
Assets\Scripts\Systems\Animation\Neural\Evaluation\ABTestFramework.cs(112,31): warning CS0618: 'Object.FindObjectsOfType<T>()' is obsolete: 'Object.FindObjectsOfType has been deprecated. Use Object.FindObjectsByType instead which lets you decide whether you need the results sorted or not.  FindObjectsOfType sorts the results by InstanceID but if you do not need this using FindObjectSortMode.None is considerably faster.'
Assets\Scripts\Systems\TestAllInOneSetup.cs(334,37): warning CS0618: 'ProceduralAnimStateMachine' is obsolete: 'Use HybridAnimationController with NeuralAnimationController instead. See MIGRATION_GUIDE_PHASE46.md'
Assets\Scripts\Systems\TestAllInOneSetup.cs(335,37): warning CS0618: 'ProceduralAnimStateMachine' is obsolete: 'Use HybridAnimationController with NeuralAnimationController instead. See MIGRATION_GUIDE_PHASE46.md'
Assets\Scripts\Systems\TestAllInOneSetup.cs(336,37): warning CS0618: 'ProceduralAnimationController' is obsolete: 'Use HybridAnimationController with NeuralAnimationController instead. See MIGRATION_GUIDE_PHASE46.md'
Assets\Scripts\Systems\TestAllInOneSetup.cs(337,37): warning CS0618: 'ProceduralAnimationController' is obsolete: 'Use HybridAnimationController with NeuralAnimationController instead. See MIGRATION_GUIDE_PHASE46.md'
Assets\Scripts\Systems\TestAllInOneSetup.cs(840,37): warning CS0618: 'ProceduralLODManager' is obsolete: 'Use NeuralAnimationController with ONNX policies instead. See MIGRATION_GUIDE_PHASE46.md'
Assets\Scripts\Systems\TestAllInOneSetup.cs(843,36): warning CS0618: 'ProceduralLODManager' is obsolete: 'Use NeuralAnimationController with ONNX policies instead. See MIGRATION_GUIDE_PHASE46.md'
Assets\Scripts\Systems\Combat\Damageable.cs(129,45): warning CS0618: 'ProceduralAnimStateMachine' is obsolete: 'Use HybridAnimationController with NeuralAnimationController instead. See MIGRATION_GUIDE_PHASE46.md'
Assets\Scripts\Systems\Combat\Damageable.cs(140,45): warning CS0618: 'ProceduralAnimStateMachine' is obsolete: 'Use HybridAnimationController with NeuralAnimationController instead. See MIGRATION_GUIDE_PHASE46.md'
Assets\Scripts\Systems\Combat\ProceduralAttack.cs(248,44): warning CS0618: 'ProceduralAnimationController' is obsolete: 'Use HybridAnimationController with NeuralAnimationController instead. See MIGRATION_GUIDE_PHASE46.md'
Assets\Scripts\Systems\TerritoryBuilder.cs(616,97): warning CS0618: 'FindObjectsSortMode' is obsolete: 'FindObjectsSortMode has been deprecated. Use the FindObjectsByType overloads that do not take a FindObjectsSortMode parameter.'
Assets\Scripts\Systems\TerritoryBuilder.cs(616,29): warning CS0618: 'Object.FindObjectsByType<T>(FindObjectsInactive, FindObjectsSortMode)' is obsolete: 'FindObjectsByType with FindObjectsSortMode parameter has been deprecated. Use FindObjectsByType<T>() or FindObjectsByType<T>(FindObjectsInactive) instead. InstanceID will be replaced in the future with EntityId and previous sort order cannot be maintained.'
Assets\Scripts\Systems\TerritoryBuilder.cs(619,91): warning CS0618: 'FindObjectsSortMode' is obsolete: 'FindObjectsSortMode has been deprecated. Use the FindObjectsByType overloads that do not take a FindObjectsSortMode parameter.'
Assets\Scripts\Systems\TerritoryBuilder.cs(619,26): warning CS0618: 'Object.FindObjectsByType<T>(FindObjectsInactive, FindObjectsSortMode)' is obsolete: 'FindObjectsByType with FindObjectsSortMode parameter has been deprecated. Use FindObjectsByType<T>() or FindObjectsByType<T>(FindObjectsInactive) instead. InstanceID will be replaced in the future with EntityId and previous sort order cannot be maintained.'
Assets\Scripts\Systems\TerritoryBuilder.cs(623,88): warning CS0618: 'FindObjectsSortMode' is obsolete: 'FindObjectsSortMode has been deprecated. Use the FindObjectsByType overloads that do not take a FindObjectsSortMode parameter.'
Assets\Scripts\Systems\TerritoryBuilder.cs(623,30): warning CS0618: 'Object.FindObjectsByType<T>(FindObjectsInactive, FindObjectsSortMode)' is obsolete: 'FindObjectsByType with FindObjectsSortMode parameter has been deprecated. Use FindObjectsByType<T>() or FindObjectsByType<T>(FindObjectsInactive) instead. InstanceID will be replaced in the future with EntityId and previous sort order cannot be maintained.'
Assets\Scripts\Systems\TerrainTextureApplier.cs(209,70): warning CS0618: 'FindObjectsSortMode' is obsolete: 'FindObjectsSortMode has been deprecated. Use the FindObjectsByType overloads that do not take a FindObjectsSortMode parameter.'
Assets\Scripts\Systems\TerrainTextureApplier.cs(209,31): warning CS0618: 'Object.FindObjectsByType<T>(FindObjectsSortMode)' is obsolete: 'FindObjectsByType with FindObjectsSortMode parameter has been deprecated. Use FindObjectsByType<T>() or FindObjectsByType<T>(FindObjectsInactive) instead. InstanceID will be replaced in the future with EntityId and previous sort order cannot be maintained.'
Assets\Scripts\Systems\HerbPickup.cs(100,72): warning CS0618: 'ProceduralAnimationController' is obsolete: 'Use HybridAnimationController with NeuralAnimationController instead. See MIGRATION_GUIDE_PHASE46.md'
Assets\Scripts\Systems\HerbPickup.cs(105,68): warning CS0618: 'ProceduralAnimationController' is obsolete: 'Use HybridAnimationController with NeuralAnimationController instead. See MIGRATION_GUIDE_PHASE46.md'
Assets\Scripts\Systems\HumanoidClipDriver.cs(193,49): warning CS0618: 'ProceduralAnimationController' is obsolete: 'Use HybridAnimationController with NeuralAnimationController instead. See MIGRATION_GUIDE_PHASE46.md'
Assets\Scripts\Systems\LightShaftBillboard.cs(259,52): warning CS0618: 'FindObjectsSortMode' is obsolete: 'FindObjectsSortMode has been deprecated. Use the FindObjectsByType overloads that do not take a FindObjectsSortMode parameter.'
Assets\Scripts\Systems\LightShaftBillboard.cs(259,27): warning CS0618: 'Object.FindObjectsByType<T>(FindObjectsSortMode)' is obsolete: 'FindObjectsByType with FindObjectsSortMode parameter has been deprecated. Use FindObjectsByType<T>() or FindObjectsByType<T>(FindObjectsInactive) instead. InstanceID will be replaced in the future with EntityId and previous sort order cannot be maintained.'
Assets\Scripts\Systems\TerrainPathGenerator.cs(320,19): warning CS0219: The variable 'halfW2' is assigned but its value is never used
Assets\Scripts\Systems\IdyllicDecoPlacer.cs(1613,23): warning CS0618: 'Object.GetInstanceID()' is obsolete: 'GetInstanceID is deprecated. Use GetEntityId instead. This will be removed in a future version.'
Assets\Scripts\Systems\MountSystem.cs(441,83): warning CS0618: 'ProceduralAnimationController' is obsolete: 'Use HybridAnimationController with NeuralAnimationController instead. See MIGRATION_GUIDE_PHASE46.md'
Assets\Scripts\Systems\MountSystem.cs(495,83): warning CS0618: 'ProceduralAnimationController' is obsolete: 'Use HybridAnimationController with NeuralAnimationController instead. See MIGRATION_GUIDE_PHASE46.md'
Assets\Scripts\Systems\MountSystem.cs(503,83): warning CS0618: 'ProceduralAnimationController' is obsolete: 'Use HybridAnimationController with NeuralAnimationController instead. See MIGRATION_GUIDE_PHASE46.md'
Assets\Scripts\Systems\MountSystem.cs(561,83): warning CS0618: 'ProceduralAnimationController' is obsolete: 'Use HybridAnimationController with NeuralAnimationController instead. See MIGRATION_GUIDE_PHASE46.md'
Assets\Scripts\Systems\MountSystem.cs(569,83): warning CS0618: 'ProceduralAnimationController' is obsolete: 'Use HybridAnimationController with NeuralAnimationController instead. See MIGRATION_GUIDE_PHASE46.md'
Assets\Scripts\Systems\PlayerMovement.cs(191,41): warning CS0618: 'Object.FindFirstObjectByType<T>()' is obsolete: 'FindFirstObjectByType has been deprecated because it relies on instance ID ordering. Use FindAnyObjectByType instead, which does not depend on ordering.'
Assets\Scripts\Systems\PlayerMovement.cs(220,62): warning CS0618: 'ProceduralAnimationController' is obsolete: 'Use HybridAnimationController with NeuralAnimationController instead. See MIGRATION_GUIDE_PHASE46.md'
Assets\Scripts\Systems\PlayerMovement.cs(225,66): warning CS0618: 'ProceduralAnimationController' is obsolete: 'Use HybridAnimationController with NeuralAnimationController instead. See MIGRATION_GUIDE_PHASE46.md'
Assets\Scripts\Systems\PlayerCombat.cs(81,54): warning CS0618: 'ProceduralAnimationController' is obsolete: 'Use HybridAnimationController with NeuralAnimationController instead. See MIGRATION_GUIDE_PHASE46.md'
Assets\Scripts\Systems\PlayerCombat.cs(86,58): warning CS0618: 'ProceduralAnimationController' is obsolete: 'Use HybridAnimationController with NeuralAnimationController instead. See MIGRATION_GUIDE_PHASE46.md'
Assets\Scripts\Systems\SoldierIdlePose.cs(115,52): warning CS0618: 'Object.GetInstanceID()' is obsolete: 'GetInstanceID is deprecated. Use GetEntityId instead. This will be removed in a future version.'
Assets\Scripts\Systems\TestTerritorySetup.cs(30,40): warning CS0414: The field 'TestTerritorySetup._orbitRadius' is assigned but its value is never used
Assets\Scripts\Systems\TestAllInOneSetup.cs(34,40): warning CS0414: The field 'TestAllInOneSetup._orbitRadius' is assigned but its value is never used
Assets\Scripts\Systems\TestCombatSetup.cs(19,40): warning CS0414: The field 'TestCombatSetup._runSpeed' is assigned but its value is never used
Assets\Scripts\Systems\Animation\Neural\HybridAnimationController.cs(58,31): warning CS0414: The field 'HybridAnimationController._useLODManager' is assigned but its value is never used
Assets\Scripts\Systems\TemperatureSystem.cs(17,40): warning CS0414: The field 'TemperatureSystem._changeRate' is assigned but its value is never used
Assets\Scripts\Systems\TestPlayerSetup.cs(26,36): warning CS0414: The field 'TestPlayerSetup._defaultPitch' is assigned but its value is never used
Assets\Scripts\Systems\Animation\Procedural\ProceduralAnimationController.cs(65,47): warning CS0414: The field 'ProceduralAnimationController.armSwingAmount' is assigned but its value is never used
Assets\Scripts\Systems\QuadrupedProceduralAnimation.cs(38,55): warning CS0414: The field 'QuadrupedProceduralAnimation._spineIKWeight' is assigned but its value is never used
Assets\Scripts\Systems\TestTerritorySetup.cs(27,40): warning CS0414: The field 'TestTerritorySetup._runSpeed' is assigned but its value is never used
Assets\Scripts\Systems\TestAllInOneSetup.cs(35,40): warning CS0414: The field 'TestAllInOneSetup._defaultPitch' is assigned but its value is never used
Assets\Scripts\Systems\TestAllInOneSetup.cs(31,40): warning CS0414: The field 'TestAllInOneSetup._jumpHeight' is assigned but its value is never used
Assets\Scripts\Systems\TestCraftSetup.cs(27,40): warning CS0414: The field 'TestCraftSetup._runSpeed' is assigned but its value is never used
Assets\Scripts\Systems\TestCraftSetup.cs(30,40): warning CS0414: The field 'TestCraftSetup._orbitRadius' is assigned but its value is never used
Assets\Scripts\Systems\Animation\Procedural\ProceduralAnimationController.cs(66,47): warning CS0414: The field 'ProceduralAnimationController.headStabilization' is assigned but its value is never used
Assets\Scripts\Systems\Animation\Neural\ModelManagement\AvatarFineTuningConfig.cs(17,47): warning CS0414: The field 'AvatarFineTuningConfig._evasionBias' is assigned but its value is never used
Assets\Scripts\Systems\Animation\Procedural\ProceduralAnimationController.cs(179,14): warning CS0414: The field 'ProceduralAnimationController._lodSpineWaveEnabled' is assigned but its value is never used
Assets\Scripts\Systems\TestTerritorySetup.cs(26,40): warning CS0414: The field 'TestTerritorySetup._walkSpeed' is assigned but its value is never used
Assets\Scripts\Systems\TestAllInOneSetup.cs(29,40): warning CS0414: The field 'TestAllInOneSetup._walkSpeed' is assigned but its value is never used
Assets\Scripts\Systems\Animation\Procedural\SpecialCreatureAnimator.cs(23,32): warning CS0414: The field 'SpecialCreatureAnimator._turnSpeed' is assigned but its value is never used
Assets\Scripts\Systems\TestCombatSetup.cs(18,40): warning CS0414: The field 'TestCombatSetup._walkSpeed' is assigned but its value is never used
Assets\Scripts\Systems\TestPlayerSetup.cs(25,36): warning CS0414: The field 'TestPlayerSetup._orbitRadius' is assigned but its value is never used
Assets\Scripts\Systems\TestCraftSetup.cs(31,40): warning CS0414: The field 'TestCraftSetup._defaultPitch' is assigned but its value is never used
Assets\Scripts\Systems\QuadrupedProceduralAnimation.cs(44,40): warning CS0414: The field 'QuadrupedProceduralAnimation._dutyCycle' is assigned but its value is never used
Assets\Scripts\Systems\TestCraftSetup.cs(26,40): warning CS0414: The field 'TestCraftSetup._walkSpeed' is assigned but its value is never used
Assets\Scripts\Systems\Animation\Procedural\LOD\ProceduralLODSystem.cs(137,31): warning CS0414: The field 'ProceduralLODManager._enableFrustumCulling' is assigned but its value is never used
Assets\Scripts\Systems\Animation\Procedural\SpecialCreatureAnimator.cs(22,32): warning CS0414: The field 'SpecialCreatureAnimator._moveSpeed' is assigned but its value is never used
Assets\Scripts\Systems\TestCombatSetup.cs(15,38): warning CS0414: The field 'TestCombatSetup._monsterCount' is assigned but its value is never used
Assets\Scripts\Systems\QuadrupedPoseController.cs(24,55): warning CS0414: The field 'QuadrupedPoseController._stepPhaseOffset' is assigned but its value is never used
Assets\Scripts\Systems\TestAllInOneSetup.cs(30,40): warning CS0414: The field 'TestAllInOneSetup._runSpeed' is assigned but its value is never used
Assets\Scripts\Systems\QuadrupedProceduralAnimation.cs(26,40): warning CS0414: The field 'QuadrupedProceduralAnimation._paceSpeed' is assigned but its value is never used
Assets\Scripts\Systems\Animation\Neural\ModelManagement\AvatarFineTuningConfig.cs(15,47): warning CS0414: The field 'AvatarFineTuningConfig._aggressionBias' is assigned but its value is never used
Assets\Scripts\Systems\QuadrupedProceduralLocomotion.cs(27,40): warning CS0414: The field 'QuadrupedProceduralLocomotion._trotSpeed' is assigned but its value is never used
Assets\Scripts\Systems\Animation\Neural\HybridAnimationController.cs(63,47): warning CS0414: The field 'HybridAnimationController._rootMotionProceduralWeight' is assigned but its value is never used
Assets\Scripts\Systems\QuadrupedProceduralAnimation.cs(43,40): warning CS0414: The field 'QuadrupedProceduralAnimation._stepHeight' is assigned but its value is never used
Assets\Scripts\Systems\Animation\Neural\ModelManagement\AvatarFineTuningConfig.cs(16,47): warning CS0414: The field 'AvatarFineTuningConfig._defenseBias' is assigned but its value is never used
Assets\Scripts\Systems\QuadrupedProceduralAnimation.cs(24,40): warning CS0414: The field 'QuadrupedProceduralAnimation._walkSpeed' is assigned but its value is never used
Assets\Scripts\Systems\QuadrupedProceduralLocomotion.cs(33,40): warning CS0414: The field 'QuadrupedProceduralLocomotion._dutyCycle' is assigned but its value is never used
Assets\Scripts\Systems\TestTerritorySetup.cs(31,40): warning CS0414: The field 'TestTerritorySetup._defaultPitch' is assigned but its value is never used
Assets\Scripts\Systems\QuadrupedProceduralLocomotion.cs(26,40): warning CS0414: The field 'QuadrupedProceduralLocomotion._walkSpeed' is assigned but its value is never used
Assets\Scripts\Systems\QuadrupedProceduralAnimation.cs(92,23): warning CS0414: The field 'QuadrupedProceduralAnimation._actionTimer' is assigned but its value is never used
Assets\Scripts\Systems\QuadrupedProceduralLocomotion.cs(28,40): warning CS0414: The field 'QuadrupedProceduralLocomotion._paceSpeed' is assigned but its value is never used
Assets\Scripts\UI\AlchemyUI.cs(10,7): warning CS0105: The using directive for 'ProjectName.Core' appeared previously in this namespace
Assets\Scripts\UI\ChurchSystemUI.cs(7,7): warning CS0105: The using directive for 'ProjectName.Core' appeared previously in this namespace
Assets\Scripts\UI\Functions\LoadGameUI.cs(6,7): warning CS0105: The using directive for 'ProjectName.Core' appeared previously in this namespace
Assets\Scripts\UI\QuickSlotUI.cs(6,7): warning CS0105: The using directive for 'ProjectName.Core' appeared previously in this namespace
Assets\Scripts\UI\TutorialRevengeListIntegration.cs(3,7): warning CS0105: The using directive for 'ProjectName.Core' appeared previously in this namespace
Assets\Scripts\UI\Core\MessageSystem.cs(17,21): warning CS0108: 'MessageSystem.SendMessage(string)' hides inherited member 'Component.SendMessage(string)'. Use the new keyword if hiding was intended.
Assets\Scripts\UI\Effects\ParticleEffect.cs(9,49): warning CS0108: 'ParticleEffect.particleSystem' hides inherited member 'Component.particleSystem'. Use the new keyword if hiding was intended.
Assets\Scripts\UI\Functions\UIChatSystem.cs(40,21): warning CS0108: 'UIChatSystem.SendMessage(string)' hides inherited member 'Component.SendMessage(string)'. Use the new keyword if hiding was intended.
Assets\Scripts\UI\HotbarUI.cs(45,28): warning CS0618: 'Object.FindFirstObjectByType<T>()' is obsolete: 'FindFirstObjectByType has been deprecated because it relies on instance ID ordering. Use FindAnyObjectByType instead, which does not depend on ordering.'
Assets\Scripts\UI\HotbarUI.cs(287,22): warning CS0618: 'Object.FindFirstObjectByType<T>()' is obsolete: 'FindFirstObjectByType has been deprecated because it relies on instance ID ordering. Use FindAnyObjectByType instead, which does not depend on ordering.'
Assets\Scripts\UI\InventoryWindow.cs(1105,22): warning CS0618: 'Object.FindFirstObjectByType<T>()' is obsolete: 'FindFirstObjectByType has been deprecated because it relies on instance ID ordering. Use FindAnyObjectByType instead, which does not depend on ordering.'
Assets\Scripts\UI\HUD.cs(114,38): warning CS0414: The field 'HUD._stealthIconY' is assigned but its value is never used
Assets\GameSetup.cs(7,7): warning CS0105: The using directive for 'ProjectName.Core' appeared previously in this namespace
Assets\GameSetup.cs(230,46): warning CS0618: 'FindObjectsSortMode' is obsolete: 'FindObjectsSortMode has been deprecated. Use the FindObjectsByType overloads that do not take a FindObjectsSortMode parameter.'
Assets\GameSetup.cs(229,23): warning CS0618: 'Object.FindObjectsByType<T>(FindObjectsInactive, FindObjectsSortMode)' is obsolete: 'FindObjectsByType with FindObjectsSortMode parameter has been deprecated. Use FindObjectsByType<T>() or FindObjectsByType<T>(FindObjectsInactive) instead. InstanceID will be replaced in the future with EntityId and previous sort order cannot be maintained.'
Assets\Editor\FixMainScene.cs(5,7): warning CS0105: The using directive for 'UnityEngine.SceneManagement' appeared previously in this namespace
Assets\Editor\DayNightCycleReferenceFixer.cs(24,19): warning CS0618: 'Object.FindFirstObjectByType<T>()' is obsolete: 'FindFirstObjectByType has been deprecated because it relies on instance ID ordering. Use FindAnyObjectByType instead, which does not depend on ordering.'
Assets\Editor\CapturePlayFrame.cs(19,57): warning CS0618: 'FindObjectsSortMode' is obsolete: 'FindObjectsSortMode has been deprecated. Use the FindObjectsByType overloads that do not take a FindObjectsSortMode parameter.'
Assets\Editor\CapturePlayFrame.cs(19,24): warning CS0618: 'Object.FindObjectsByType<T>(FindObjectsSortMode)' is obsolete: 'FindObjectsByType with FindObjectsSortMode parameter has been deprecated. Use FindObjectsByType<T>() or FindObjectsByType<T>(FindObjectsInactive) instead. InstanceID will be replaced in the future with EntityId and previous sort order cannot be maintained.'
Assets\Editor\FixFinal_Complete.cs(86,44): warning CS0618: 'CinemachineCollider' is obsolete: 'CinemachineCollider has been deprecated. Use CinemachineDeoccluder instead'
Assets\Editor\FixFinal_Complete.cs(87,62): warning CS0618: 'CinemachineCollider' is obsolete: 'CinemachineCollider has been deprecated. Use CinemachineDeoccluder instead'
Assets\Editor\FixFinal_Complete.cs(93,32): warning CS0618: 'CinemachineCollider' is obsolete: 'CinemachineCollider has been deprecated. Use CinemachineDeoccluder instead'
Assets\Editor\DeepDiagnoseScene.cs(193,26): warning CS0618: 'Object.FindFirstObjectByType<T>()' is obsolete: 'FindFirstObjectByType has been deprecated because it relies on instance ID ordering. Use FindAnyObjectByType instead, which does not depend on ordering.'
Assets\Editor\DiagnoseTerrain.cs(19,59): warning CS0618: 'FindObjectsSortMode' is obsolete: 'FindObjectsSortMode has been deprecated. Use the FindObjectsByType overloads that do not take a FindObjectsSortMode parameter.'
Assets\Editor\DiagnoseTerrain.cs(19,27): warning CS0618: 'Object.FindObjectsByType<T>(FindObjectsSortMode)' is obsolete: 'FindObjectsByType with FindObjectsSortMode parameter has been deprecated. Use FindObjectsByType<T>() or FindObjectsByType<T>(FindObjectsInactive) instead. InstanceID will be replaced in the future with EntityId and previous sort order cannot be maintained.'
Assets\Editor\FixPhase1_Terrain.cs(51,26): warning CS0618: 'Object.FindFirstObjectByType<T>()' is obsolete: 'FindFirstObjectByType has been deprecated because it relies on instance ID ordering. Use FindAnyObjectByType instead, which does not depend on ordering.'
Assets\Editor\GroundDiagRunner.cs(19,25): warning CS0618: 'Object.FindObjectsOfType<T>()' is obsolete: 'Object.FindObjectsOfType has been deprecated. Use Object.FindObjectsByType instead which lets you decide whether you need the results sorted or not.  FindObjectsOfType sorts the results by InstanceID but if you do not need this using FindObjectSortMode.None is considerably faster.'
Assets\Editor\FixAllCriticalIssues.cs(207,27): warning CS0618: 'Object.FindFirstObjectByType<T>()' is obsolete: 'FindFirstObjectByType has been deprecated because it relies on instance ID ordering. Use FindAnyObjectByType instead, which does not depend on ordering.'
Assets\Editor\FixAllCriticalIssues.cs(216,32): warning CS0618: 'Object.FindFirstObjectByType<T>()' is obsolete: 'FindFirstObjectByType has been deprecated because it relies on instance ID ordering. Use FindAnyObjectByType instead, which does not depend on ordering.'
Assets\Editor\FixAllCriticalIssues.cs(225,28): warning CS0618: 'Object.FindFirstObjectByType<T>()' is obsolete: 'FindFirstObjectByType has been deprecated because it relies on instance ID ordering. Use FindAnyObjectByType instead, which does not depend on ordering.'
Assets\Editor\FixAllCriticalIssues.cs(242,25): warning CS0618: 'Object.FindFirstObjectByType<T>()' is obsolete: 'FindFirstObjectByType has been deprecated because it relies on instance ID ordering. Use FindAnyObjectByType instead, which does not depend on ordering.'
Assets\Editor\FixPhase4_Camera.cs(106,44): warning CS0618: 'CinemachineCollider' is obsolete: 'CinemachineCollider has been deprecated. Use CinemachineDeoccluder instead'
Assets\Editor\FixPhase4_Camera.cs(107,62): warning CS0618: 'CinemachineCollider' is obsolete: 'CinemachineCollider has been deprecated. Use CinemachineDeoccluder instead'
Assets\Editor\FixPhase4_Camera.cs(113,32): warning CS0618: 'CinemachineCollider' is obsolete: 'CinemachineCollider has been deprecated. Use CinemachineDeoccluder instead'
Assets\Editor\DeepDiagnoseScene.cs(454,21): warning CS0618: 'Object.FindFirstObjectByType<T>()' is obsolete: 'FindFirstObjectByType has been deprecated because it relies on instance ID ordering. Use FindAnyObjectByType instead, which does not depend on ordering.'
Assets\Editor\FixMainScene.cs(939,19): warning CS0618: 'Object.FindFirstObjectByType<T>()' is obsolete: 'FindFirstObjectByType has been deprecated because it relies on instance ID ordering. Use FindAnyObjectByType instead, which does not depend on ordering.'
AssetDatabase: script compilation time: 30.317561s
Begin MonoManager ReloadAssembly
Assembly Assembly-CSharp-Editor-firstpass.dll at Library/ScriptAssemblies/Assembly-CSharp-Editor-firstpass.dll not valid. Loading of assembly skipped.
Assembly Assembly-CSharp-firstpass.dll at Library/ScriptAssemblies/Assembly-CSharp-firstpass.dll not valid. Loading of assembly skipped.
Assembly DocCodeExamples.dll at Library/ScriptAssemblies/DocCodeExamples.dll not valid. Loading of assembly skipped.
Assembly TestNewCustomAssembly.dll at Library/ScriptAssemblies/TestNewCustomAssembly.dll not valid. Loading of assembly skipped.
Assembly Unity.Addressables.Editor.Tests.dll at Library/ScriptAssemblies/Unity.Addressables.Editor.Tests.dll not valid. Loading of assembly skipped.
Assembly Unity.Addressables.Runtime.Tests.dll at Library/ScriptAssemblies/Unity.Addressables.Runtime.Tests.dll not valid. Loading of assembly skipped.
Assembly Unity.AppUI.Editor.Tests.dll at Library/ScriptAssemblies/Unity.AppUI.Editor.Tests.dll not valid. Loading of assembly skipped.
Assembly Unity.AppUI.Tests.dll at Library/ScriptAssemblies/Unity.AppUI.Tests.dll not valid. Loading of assembly skipped.
Assembly Unity.Collections.BurstCompatibilityGen.dll at Library/ScriptAssemblies/Unity.Collections.BurstCompatibilityGen.dll not valid. Loading of assembly skipped.
Assembly Unity.Collections.DocCodeSamples.dll at Library/ScriptAssemblies/Unity.Collections.DocCodeSamples.dll not valid. Loading of assembly skipped.
Assembly Unity.Collections.PerformanceTests.dll at Library/ScriptAssemblies/Unity.Collections.PerformanceTests.dll not valid. Loading of assembly skipped.
Assembly Unity.Collections.Tests.dll at Library/ScriptAssemblies/Unity.Collections.Tests.dll not valid. Loading of assembly skipped.
Assembly Unity.Collections.Tests.Playmode.dll at Library/ScriptAssemblies/Unity.Collections.Tests.Playmode.dll not valid. Loading of assembly skipped.
Assembly Unity.InputSystem.IntegrationTests.dll at Library/ScriptAssemblies/Unity.InputSystem.IntegrationTests.dll not valid. Loading of assembly skipped.
Assembly Unity.Localization.DocCodeSamples.dll at Library/ScriptAssemblies/Unity.Localization.DocCodeSamples.dll not valid. Loading of assembly skipped.
Assembly Unity.Mathematics.Tests.dll at Library/ScriptAssemblies/Unity.Mathematics.Tests.dll not valid. Loading of assembly skipped.
Assembly Unity.Nuget.Mono-Cecil.dll at Library/ScriptAssemblies/Unity.Nuget.Mono-Cecil.dll not valid. Loading of assembly skipped.
Assembly Unity.PathTracing.Editor.Tests.dll at Library/ScriptAssemblies/Unity.PathTracing.Editor.Tests.dll not valid. Loading of assembly skipped.
Assembly Unity.PathTracing.Runtime.Tests.dll at Library/ScriptAssemblies/Unity.PathTracing.Runtime.Tests.dll not valid. Loading of assembly skipped.
Assembly Unity.Performance.Profile-Analyzer.EditorTests.dll at Library/ScriptAssemblies/Unity.Performance.Profile-Analyzer.EditorTests.dll not valid. Loading of assembly skipped.
Assembly Unity.RenderPipelines.Core.Editor.Tests.dll at Library/ScriptAssemblies/Unity.RenderPipelines.Core.Editor.Tests.dll not valid. Loading of assembly skipped.
Assembly Unity.RenderPipelines.Core.Runtime.Tests.dll at Library/ScriptAssemblies/Unity.RenderPipelines.Core.Runtime.Tests.dll not valid. Loading of assembly skipped.
Assembly Unity.RenderPipelines.Universal.Config.Editor.Tests.dll at Library/ScriptAssemblies/Unity.RenderPipelines.Universal.Config.Editor.Tests.dll not valid. Loading of assembly skipped.
Assembly Unity.RenderPipelines.Universal.Editor.Tests.dll at Library/ScriptAssemblies/Unity.RenderPipelines.Universal.Editor.Tests.dll not valid. Loading of assembly skipped.
Assembly Unity.RenderPipelines.Universal.Runtime.Tests.dll at Library/ScriptAssemblies/Unity.RenderPipelines.Universal.Runtime.Tests.dll not valid. Loading of assembly skipped.
Assembly Unity.ResourceManager.Tests.dll at Library/ScriptAssemblies/Unity.ResourceManager.Tests.dll not valid. Loading of assembly skipped.
Assembly Unity.ScriptableBuildPipeline.Editor.Tests.dll at Library/ScriptAssemblies/Unity.ScriptableBuildPipeline.Editor.Tests.dll not valid. Loading of assembly skipped.
Assembly Unity.ScriptableBuildPipeline.Tests.dll at Library/ScriptAssemblies/Unity.ScriptableBuildPipeline.Tests.dll not valid. Loading of assembly skipped.
Assembly Unity.ScriptableBuildPipelineTests.Runtime.Tests.dll at Library/ScriptAssemblies/Unity.ScriptableBuildPipelineTests.Runtime.Tests.dll not valid. Loading of assembly skipped.
Assembly Unity.Searcher.EditorTests.dll at Library/ScriptAssemblies/Unity.Searcher.EditorTests.dll not valid. Loading of assembly skipped.
Assembly Unity.Settings.Tests.dll at Library/ScriptAssemblies/Unity.Settings.Tests.dll not valid. Loading of assembly skipped.
Assembly Unity.ShaderGraph.Editor.Tests.dll at Library/ScriptAssemblies/Unity.ShaderGraph.Editor.Tests.dll not valid. Loading of assembly skipped.
Assembly Unity.TestTools.CodeCoverage.Editor.Compatibility.dll at Library/ScriptAssemblies/Unity.TestTools.CodeCoverage.Editor.Compatibility.dll not valid. Loading of assembly skipped.
Assembly Unity.TextMeshPro.Editor.Tests.dll at Library/ScriptAssemblies/Unity.TextMeshPro.Editor.Tests.dll not valid. Loading of assembly skipped.
Assembly Unity.TextMeshPro.Tests.dll at Library/ScriptAssemblies/Unity.TextMeshPro.Tests.dll not valid. Loading of assembly skipped.
Assembly Unity.UnifiedRayTracing.Editor.Tests.dll at Library/ScriptAssemblies/Unity.UnifiedRayTracing.Editor.Tests.dll not valid. Loading of assembly skipped.
Assembly UnityEditor.UI.Common.Tests.dll at Library/ScriptAssemblies/UnityEditor.UI.Common.Tests.dll not valid. Loading of assembly skipped.
Assembly UnityEditor.UI.EditorTests.dll at Library/ScriptAssemblies/UnityEditor.UI.EditorTests.dll not valid. Loading of assembly skipped.
Assembly UnityEngine.UI.Tests.dll at Library/ScriptAssemblies/UnityEngine.UI.Tests.dll not valid. Loading of assembly skipped.
Symbol file LoadedFromMemory is not a mono symbol file
Symbol file LoadedFromMemory is not a mono symbol file
'Packages/com.unity.cinemachine/Editor/Editors/CinemachineVirtualCameraBaseEditor.cs' contains partial class of Unity.Object, exactly 1 of the partial classes needs to be in a file with the same filename. This is to know the one that can be referenced from ie. GameObjects
'Packages/com.unity.cinemachine/Editor/Obsolete/CinemachineVirtualCameraBaseEditor.cs' contains partial class of Unity.Object, exactly 1 of the partial classes needs to be in a file with the same filename. This is to know the one that can be referenced from ie. GameObjects
Refreshing native plugins compatible for Editor in 33.93 ms, found 5 plugins.
Native extension for WindowsStandalone target not found
Native extension for WebGL target not found
Assembly reference Packages/com.unity.cinemachine/Editor/Samples/ExposeHDRPInternals/HDRP-Editor-ref.asmref has no target assembly definition
Refreshing native plugins compatible for Editor in 6.51 ms, found 5 plugins.
[MODES] ModeService[none].Initialize
[MODES] ModeService[none].LoadModes
[MODES] Loading mode Default (0) for mode-current-id-포이즌
ScheduleIndexationOnStartup MainProcess:True IndexOnStartup:True
Mono: successfully reloaded assembly
- Finished resetting the current domain, in 11.013 seconds
Domain Reload Profiling: 18189ms
	BeginReloadAssembly (532ms)
		DisableScriptedObjects (56ms)
		CreateAndSetChildDomain (182ms)
	RebuildCommonClasses (63ms)
	RebuildNativeTypeToScriptingClass (21ms)
	initialDomainReloadingComplete (1712ms)
	LoadAllAssembliesAndSetupDomain (4847ms)
		LoadAssemblies (4223ms)
		AnalyzeDomain (822ms)
			TypeCache.Refresh (648ms)
				TypeCache.ScanAssembly (618ms)
			BuildScriptInfoCaches (128ms)
			ResolveRequiredComponents (42ms)
	FinalizeReload (11014ms)
		SetupLoadedEditorAssemblies (0ms)
			InitializePlatformSupportModulesInManaged (39ms)
			BeforeProcessingInitializeOnLoad (503ms)
			ProcessInitializeOnLoadAttributes (7841ms)
			ProcessInitializeOnLoadMethodAttributes (2070ms)
			AfterProcessingInitializeOnLoad (15ms)
		AwakeInstancesAfterBackupRestoration (64ms)
Refreshing native plugins compatible for Editor in 318.16 ms, found 5 plugins.
(Values over 0.050ms)
Asset Pipeline Refresh (id=e471579431d6d514d89b6cf951c748b6): Total: 56.420 seconds - Initiated by InitialRefreshV2(ForceSynchronousImport)
	Summary:
		Imports: total=0 (actual=0, local cache=0, cache server=0)
		Asset DB Process Time: managed=0 ms, native=16923 ms
		Asset DB Callback time: managed=1010 ms, native=728 ms
		Scripting: domain reloads=1, domain reload time=7187 ms, compile time=30320 ms, other=248 ms
		Project Asset Count: scripts=2389, non-scripts=6575
		Asset File Changes: new=2, changed=6, moved=0, deleted=0
		Scan Filter Count: 0
	InvokePackagesCallback: 70.229ms
	ApplyChangesToAssetFolders: 2.693ms
	Scan: 4107.598ms
	OnSourceAssetsModified: 4.061ms
	CategorizeScriptCompilationAssets: 454.204ms
	ProcessAssetsWithTransientArtifactChanges: 222.145ms
	CategorizeAssets: 283.182ms
	CompileScripts: 30319.638ms
	ImportOutOfDateAssets: 11101.928ms (11092.565ms without children)
		ReloadNativeAssets: 0.054ms
		UnloadImportedAssets: 3.926ms
		EnsureUptoDateAssetsAreRegisteredWithGuidPM: 2.289ms
		OnDemandSchedulerStart: 3.083ms
	PostProcessAllAssets: 1029.871ms
		VCAutoAddAssetPostprocess 10.681ms
		XRBuildSystem.XRAssetImported 1.909ms
		PostProcessCallbackCreateDeferredMaterials 1.150ms
		VersionControlSettings.HiddenFilePostprocess 0.253ms
		RaytracingShaderImportPostprocess 0.115ms
		MonoPostProcessAllAssets: 1006.150ms
			AssetPostprocessor.OnPostprocessAllAssets 622.484ms
			UniversalRenderPipelineGlobalSettingsPostprocessor.OnPostprocessAllAssets 231.605ms
			StyleCatalogPostProcessor.OnPostprocessAllAssets 62.134ms
			ShaderGraphAssetPostProcessor.OnPostprocessAllAssets 24.693ms
			BuilderAssetPostprocessor.OnPostprocessAllAssets 10.694ms
			SpeedTree9Postprocessor.OnPostprocessAllAssets 5.138ms
			WindowAssetPostprocessingWatcher.OnPostprocessAllAssets 3.614ms
			RetainedModeAssetPostprocessor.OnPostprocessAllAssets 2.516ms
			AssetChangedListener.OnPostprocessAllAssets 2.073ms
			LocalizationAssetPostProcessor.OnPostprocessAllAssets 1.920ms
			AddressablesAssetPostProcessor.OnPostprocessAllAssets 1.576ms
			TextAssetPostProcessor.OnPostprocessAllAssets 1.388ms
			RenderPipelineGlobalSettingsPostprocessor.OnPostprocessAllAssets 1.263ms
			MaterialPostprocessor.OnPostprocessAllAssets 1.151ms
			TerrainToolbarOverlayPostProcessor.OnPostprocessAllAssets 1.110ms
			AssetPathToTypes.OnPostprocessAllAssets 0.958ms
			ArtifactBrowserPostProcessor.OnPostprocessAllAssets 0.689ms
			InputActionAssetPostprocessor.OnPostprocessAllAssets 0.689ms
			ReferencedClipsPostProcessor.OnPostprocessAllAssets 0.656ms
			UVCSAssetPostprocessor.OnPostprocessAllAssets 0.650ms
			TMPro_TexturePostProcessor.OnPostprocessAllAssets 0.616ms
			AssetEvents.OnPostprocessAllAssets 0.552ms
			PostProcessor.OnPostprocessAllAssets 0.548ms
			SpeedTreePostProcessor.OnPostprocessAllAssets 0.509ms
			SamplePostprocessor.OnPostprocessAllAssets 0.457ms
			InputActionJsonNameModifierAssetProcessor.OnPostprocessAllAssets 0.436ms
			ModelAssetProcessor.OnPostprocessAllAssets 0.424ms
			AudioMixerPostprocessor.OnPostprocessAllAssets 0.417ms
			CinemachineSettings.OnPostprocessAllAssets 0.399ms
			SyncVS.PostprocessSyncProject 0.284ms
			AssetDatabaseCallbacks.OnPostprocessAllAssets 0.244ms
			ProjectSettingsPostprocessor.OnPostprocessAllAssets 0.240ms
			ConfigAssetsTracker.OnPostprocessAllAssets 0.225ms
			ScenarioDriftAssetsTracker.OnPostprocessAllAssets 0.204ms
			AudioContainerPostProcessor.OnPostprocessAllAssets 0.110ms
	PostAssetChangesProfiler: 638.266ms
	UnloadStreamsBegin: 2.833ms
	PersistCurrentRevisions: 0.565ms
	GenerateScriptTypeHashes: 5.511ms
	GenerateScriptTypeSerializationHashes: 9.658ms
	Untracked: 8173.861ms

Application.AssetDatabase Initial Refresh End
Launched and connected shader compiler UnityShaderCompiler.exe after 0.10 seconds
Scanning for USB devices : 6.375ms
Initializing Unity extensions:
Unloading 197 Unused Serialized files (Serialized files now loaded: 0)
Unloading 10811 unused Assets / (37.5 MB). Loaded Objects now: 11456.
Memory consumption went from 309.2 MB to 271.7 MB.
Total: 51.137300 ms (FindLiveObjects: 1.934900 ms CreateObjectMapping: 3.942300 ms MarkObjects: 17.795400 ms  DeleteObjects: 26.270200 ms)

[MixamoControllers] 클립 없음: Assets/Animations/Mixamo/Idle.fbx
UnityEngine.Debug:ExtractStackTraceNoAlloc (byte*,int,string)
UnityEngine.StackTraceUtility:ExtractStackTrace ()
UnityEngine.DebugLogHandler:Internal_Log (UnityEngine.LogType,UnityEngine.LogOption,string,UnityEngine.Object)
UnityEngine.DebugLogHandler:LogFormat (UnityEngine.LogType,UnityEngine.Object,string,object[])
UnityEngine.Logger:Log (UnityEngine.LogType,object)
UnityEngine.Debug:LogWarning (object)
ProjectName.EditorTools.MixamoControllerBuilder:ConfigureMixamoClipLoop () (at Assets/Editor/Mixamo/MixamoControllerBuilder.cs:491)
ProjectName.EditorTools.MixamoControllerBuilder:BuildAll () (at Assets/Editor/Mixamo/MixamoControllerBuilder.cs:27)

(Filename: Assets/Editor/Mixamo/MixamoControllerBuilder.cs Line: 491)

[MixamoControllers] 클립 없음: Assets/Animations/Mixamo/Walking.fbx
UnityEngine.Debug:ExtractStackTraceNoAlloc (byte*,int,string)
UnityEngine.StackTraceUtility:ExtractStackTrace ()
UnityEngine.DebugLogHandler:Internal_Log (UnityEngine.LogType,UnityEngine.LogOption,string,UnityEngine.Object)
UnityEngine.DebugLogHandler:LogFormat (UnityEngine.LogType,UnityEngine.Object,string,object[])
UnityEngine.Logger:Log (UnityEngine.LogType,object)
UnityEngine.Debug:LogWarning (object)
ProjectName.EditorTools.MixamoControllerBuilder:ConfigureMixamoClipLoop () (at Assets/Editor/Mixamo/MixamoControllerBuilder.cs:491)
ProjectName.EditorTools.MixamoControllerBuilder:BuildAll () (at Assets/Editor/Mixamo/MixamoControllerBuilder.cs:27)

(Filename: Assets/Editor/Mixamo/MixamoControllerBuilder.cs Line: 491)

[MixamoControllers] 클립 없음: Assets/Animations/Mixamo/Running.fbx
UnityEngine.Debug:ExtractStackTraceNoAlloc (byte*,int,string)
UnityEngine.StackTraceUtility:ExtractStackTrace ()
UnityEngine.DebugLogHandler:Internal_Log (UnityEngine.LogType,UnityEngine.LogOption,string,UnityEngine.Object)
UnityEngine.DebugLogHandler:LogFormat (UnityEngine.LogType,UnityEngine.Object,string,object[])
UnityEngine.Logger:Log (UnityEngine.LogType,object)
UnityEngine.Debug:LogWarning (object)
ProjectName.EditorTools.MixamoControllerBuilder:ConfigureMixamoClipLoop () (at Assets/Editor/Mixamo/MixamoControllerBuilder.cs:491)
ProjectName.EditorTools.MixamoControllerBuilder:BuildAll () (at Assets/Editor/Mixamo/MixamoControllerBuilder.cs:27)

(Filename: Assets/Editor/Mixamo/MixamoControllerBuilder.cs Line: 491)

[MixamoControllers] 클립 없음: Assets/Animations/Mixamo/Standing Jump.fbx
UnityEngine.Debug:ExtractStackTraceNoAlloc (byte*,int,string)
UnityEngine.StackTraceUtility:ExtractStackTrace ()
UnityEngine.DebugLogHandler:Internal_Log (UnityEngine.LogType,UnityEngine.LogOption,string,UnityEngine.Object)
UnityEngine.DebugLogHandler:LogFormat (UnityEngine.LogType,UnityEngine.Object,string,object[])
UnityEngine.Logger:Log (UnityEngine.LogType,object)
UnityEngine.Debug:LogWarning (object)
ProjectName.EditorTools.MixamoControllerBuilder:ConfigureMixamoClipLoop () (at Assets/Editor/Mixamo/MixamoControllerBuilder.cs:491)
ProjectName.EditorTools.MixamoControllerBuilder:BuildAll () (at Assets/Editor/Mixamo/MixamoControllerBuilder.cs:27)

(Filename: Assets/Editor/Mixamo/MixamoControllerBuilder.cs Line: 491)

[MixamoControllers] 믹사모 클립 Loop Time 설정: 0개 FBX 재임포트
UnityEngine.Debug:ExtractStackTraceNoAlloc (byte*,int,string)
UnityEngine.StackTraceUtility:ExtractStackTrace ()
UnityEngine.DebugLogHandler:Internal_Log (UnityEngine.LogType,UnityEngine.LogOption,string,UnityEngine.Object)
UnityEngine.DebugLogHandler:LogFormat (UnityEngine.LogType,UnityEngine.Object,string,object[])
UnityEngine.Logger:Log (UnityEngine.LogType,object)
UnityEngine.Debug:Log (object)
ProjectName.EditorTools.MixamoControllerBuilder:ConfigureMixamoClipLoop () (at Assets/Editor/Mixamo/MixamoControllerBuilder.cs:506)
ProjectName.EditorTools.MixamoControllerBuilder:BuildAll () (at Assets/Editor/Mixamo/MixamoControllerBuilder.cs:27)

(Filename: Assets/Editor/Mixamo/MixamoControllerBuilder.cs Line: 506)

[MixamoControllers] 유저 FBX(MixamoUser) 임포트 보정: 0개 재임포트
UnityEngine.Debug:ExtractStackTraceNoAlloc (byte*,int,string)
UnityEngine.StackTraceUtility:ExtractStackTrace ()
UnityEngine.DebugLogHandler:Internal_Log (UnityEngine.LogType,UnityEngine.LogOption,string,UnityEngine.Object)
UnityEngine.DebugLogHandler:LogFormat (UnityEngine.LogType,UnityEngine.Object,string,object[])
UnityEngine.Logger:Log (UnityEngine.LogType,object)
UnityEngine.Debug:Log (object)
ProjectName.EditorTools.MixamoControllerBuilder:ConfigureUserAnimImports () (at Assets/Editor/Mixamo/MixamoControllerBuilder.cs:602)
ProjectName.EditorTools.MixamoControllerBuilder:BuildAll () (at Assets/Editor/Mixamo/MixamoControllerBuilder.cs:28)

(Filename: Assets/Editor/Mixamo/MixamoControllerBuilder.cs Line: 602)

[MixamoControllers] Meshy 임포트 보정: 68개 검사, 0개 재임포트
UnityEngine.Debug:ExtractStackTraceNoAlloc (byte*,int,string)
UnityEngine.StackTraceUtility:ExtractStackTrace ()
UnityEngine.DebugLogHandler:Internal_Log (UnityEngine.LogType,UnityEngine.LogOption,string,UnityEngine.Object)
UnityEngine.DebugLogHandler:LogFormat (UnityEngine.LogType,UnityEngine.Object,string,object[])
UnityEngine.Logger:Log (UnityEngine.LogType,object)
UnityEngine.Debug:Log (object)
ProjectName.EditorTools.MixamoControllerBuilder:ConfigureMeshyImports () (at Assets/Editor/Mixamo/MixamoControllerBuilder.cs:550)
ProjectName.EditorTools.MixamoControllerBuilder:BuildAll () (at Assets/Editor/Mixamo/MixamoControllerBuilder.cs:29)

(Filename: Assets/Editor/Mixamo/MixamoControllerBuilder.cs Line: 550)

Refreshing native plugins compatible for Editor in 7.53 ms, found 5 plugins.
Asset Pipeline Refresh (id=97343a10a865a284abc5ce1b667796aa): Total: 0.286 seconds - Initiated by RefreshV2(NoUpdateAssetOptions)
Start importing Assets/Resources/Animation/Controllers/Player_AC.controller using Guid(6cf1ce959034c0c438a0dc0d8889cea6) (NativeFormatImporter) -> (Import Result ID: 'b7fb7d7d53ce04fa9aaa82c4a7faad8c') in 0.0211057 seconds [static dependencies only]. Details - ImportResultOutputID=6a3e187a8e7ecf1e72c79f7099ed5e61 DependenciesID=b23a986e1f987c8c545276e3b296385d StaticDependenciesID=4f19acabb71f9aeb275b897bca5e0e60 
Refreshing native plugins compatible for Editor in 7.73 ms, found 5 plugins.
Asset Pipeline Refresh (id=1a66777683baba841ae81755b8d6de02): Total: 0.195 seconds - Initiated by StopAssetImportingV2(NoUpdateAssetOptions)
Start importing Assets/Resources/Animation/Controllers/Player_AC.controller using Guid(6cf1ce959034c0c438a0dc0d8889cea6) (NativeFormatImporter) -> (Import Result ID: 'b7fb7d7d53ce04fa9aaa82c4a7faad8c') in 0.0413075 seconds [static dependencies only]. Details - ImportResultOutputID=6a3e187a8e7ecf1e72c79f7099ed5e61 DependenciesID=b23a986e1f987c8c545276e3b296385d StaticDependenciesID=4f19acabb71f9aeb275b897bca5e0e60 
Refreshing native plugins compatible for Editor in 7.95 ms, found 5 plugins.
Asset Pipeline Refresh (id=e3d22471c94449148a6ff3d74d8373a8): Total: 0.090 seconds - Initiated by StopAssetImportingV2(NoUpdateAssetOptions)
[MixamoControllers] 컨트롤러 생성 경로 확인: Assets/Resources/Animation/Controllers/Player_AC.controller
UnityEngine.Debug:ExtractStackTraceNoAlloc (byte*,int,string)
UnityEngine.StackTraceUtility:ExtractStackTrace ()
UnityEngine.DebugLogHandler:Internal_Log (UnityEngine.LogType,UnityEngine.LogOption,string,UnityEngine.Object)
UnityEngine.DebugLogHandler:LogFormat (UnityEngine.LogType,UnityEngine.Object,string,object[])
UnityEngine.Logger:Log (UnityEngine.LogType,object)
UnityEngine.Debug:Log (object)
ProjectName.EditorTools.MixamoControllerBuilder:Create (string,System.ValueTuple`2<string, UnityEngine.AnimatorControllerParameterType>[]) (at Assets/Editor/Mixamo/MixamoControllerBuilder.cs:634)
ProjectName.EditorTools.MixamoControllerBuilder:BuildPlayer () (at Assets/Editor/Mixamo/MixamoControllerBuilder.cs:104)
ProjectName.EditorTools.MixamoControllerBuilder:BuildAll () (at Assets/Editor/Mixamo/MixamoControllerBuilder.cs:30)

(Filename: Assets/Editor/Mixamo/MixamoControllerBuilder.cs Line: 634)

Start importing ProjectSettings/EditorBuildSettings.asset using Guid(0000000000000000b000000000000000) (LibraryAssetImporter) -> (Import Result ID: 'bd52947ed447db5b1a3fd28b4c69231b') in 0.0165309 seconds [static dependencies only]. Details - ImportResultOutputID=d777934f36c664454d62eda103573334 DependenciesID=6e07365756e0b154cce5b039bbda3d76 StaticDependenciesID=92333616223ccd73505ef5204746baf5 
Start importing Assets/Resources/Animation/Controllers/Player_AC.controller using Guid(6cf1ce959034c0c438a0dc0d8889cea6) (NativeFormatImporter) -> (Import Result ID: 'beb0de193ae7d428f1fa0d3d557a53b0') in 0.0038138 seconds [static dependencies only]. Details - ImportResultOutputID=6a3e187a8e7ecf1e72c79f7099ed5e61 DependenciesID=8c2586a1fee5ba039aff5f6c2fe61026 StaticDependenciesID=b52894975ea84262f111048b130f4f73 
Refreshing native plugins compatible for Editor in 6.44 ms, found 5 plugins.
Asset Pipeline Refresh (id=4b2fec24da0fecb4895a4844f63d2a06): Total: 0.124 seconds - Initiated by StopAssetImportingV2(NoUpdateAssetOptions)
[MixamoControllers] Player_AC 생성 완료
UnityEngine.Debug:ExtractStackTraceNoAlloc (byte*,int,string)
UnityEngine.StackTraceUtility:ExtractStackTrace ()
UnityEngine.DebugLogHandler:Internal_Log (UnityEngine.LogType,UnityEngine.LogOption,string,UnityEngine.Object)
UnityEngine.DebugLogHandler:LogFormat (UnityEngine.LogType,UnityEngine.Object,string,object[])
UnityEngine.Logger:Log (UnityEngine.LogType,object)
UnityEngine.Debug:Log (object)
ProjectName.EditorTools.MixamoControllerBuilder:BuildPlayer () (at Assets/Editor/Mixamo/MixamoControllerBuilder.cs:429)
ProjectName.EditorTools.MixamoControllerBuilder:BuildAll () (at Assets/Editor/Mixamo/MixamoControllerBuilder.cs:30)

(Filename: Assets/Editor/Mixamo/MixamoControllerBuilder.cs Line: 429)

Refreshing native plugins compatible for Editor in 6.87 ms, found 5 plugins.
Asset Pipeline Refresh (id=c415dd1a9a857824ab009070ee2818da): Total: 0.110 seconds - Initiated by RefreshV2(NoUpdateAssetOptions)
Start importing Assets/Resources/Animation/Controllers/SoldierShield_AC.controller using Guid(33c53deb233edc94a9e10f90b96746f3) (NativeFormatImporter) -> (Import Result ID: 'fe7dc9c4209c3f73b0c3782b0f037bf1') in 0.0030682 seconds [static dependencies only]. Details - ImportResultOutputID=bdcef7ff3081daebd0e9f79265eb8163 DependenciesID=d1007b6b2eeea0001a8257d6ffb339ba StaticDependenciesID=89c20d0eec5eae2179252255c2de3a5e 
Refreshing native plugins compatible for Editor in 6.23 ms, found 5 plugins.
Asset Pipeline Refresh (id=b86e2c830616b5f48b76f035d3224032): Total: 0.152 seconds - Initiated by StopAssetImportingV2(NoUpdateAssetOptions)
Start importing Assets/Resources/Animation/Controllers/SoldierShield_AC.controller using Guid(33c53deb233edc94a9e10f90b96746f3) (NativeFormatImporter) -> (Import Result ID: 'fe7dc9c4209c3f73b0c3782b0f037bf1') in 0.0030256 seconds [static dependencies only]. Details - ImportResultOutputID=bdcef7ff3081daebd0e9f79265eb8163 DependenciesID=d1007b6b2eeea0001a8257d6ffb339ba StaticDependenciesID=89c20d0eec5eae2179252255c2de3a5e 
Refreshing native plugins compatible for Editor in 7.16 ms, found 5 plugins.
Asset Pipeline Refresh (id=85d229bd4d4a3c24eb0914e8ed3f5dbe): Total: 0.067 seconds - Initiated by StopAssetImportingV2(NoUpdateAssetOptions)
[MixamoControllers] 컨트롤러 생성 경로 확인: Assets/Resources/Animation/Controllers/SoldierShield_AC.controller
UnityEngine.Debug:ExtractStackTraceNoAlloc (byte*,int,string)
UnityEngine.StackTraceUtility:ExtractStackTrace ()
UnityEngine.DebugLogHandler:Internal_Log (UnityEngine.LogType,UnityEngine.LogOption,string,UnityEngine.Object)
UnityEngine.DebugLogHandler:LogFormat (UnityEngine.LogType,UnityEngine.Object,string,object[])
UnityEngine.Logger:Log (UnityEngine.LogType,object)
UnityEngine.Debug:Log (object)
ProjectName.EditorTools.MixamoControllerBuilder:Create (string,System.ValueTuple`2<string, UnityEngine.AnimatorControllerParameterType>[]) (at Assets/Editor/Mixamo/MixamoControllerBuilder.cs:634)
ProjectName.EditorTools.MixamoControllerBuilder:BuildSoldier (string,System.ValueTuple`2<string, string>[],bool) (at Assets/Editor/Mixamo/MixamoControllerBuilder.cs:434)
ProjectName.EditorTools.MixamoControllerBuilder:BuildAll () (at Assets/Editor/Mixamo/MixamoControllerBuilder.cs:31)

(Filename: Assets/Editor/Mixamo/MixamoControllerBuilder.cs Line: 634)

Start importing Assets/Resources/Animation/Controllers/SoldierShield_AC.controller using Guid(33c53deb233edc94a9e10f90b96746f3) (NativeFormatImporter) -> (Import Result ID: '3857e5bfc1ab22308d70684058b8c127') in 0.0106154 seconds [static dependencies only]. Details - ImportResultOutputID=bdcef7ff3081daebd0e9f79265eb8163 DependenciesID=0664c74cd7df000fc639dae7a21a14c9 StaticDependenciesID=9e3c3d713be20fc6a377d4bea2f97833 
Refreshing native plugins compatible for Editor in 6.60 ms, found 5 plugins.
Asset Pipeline Refresh (id=d405a7bdef318da4ea01641865e09637): Total: 0.114 seconds - Initiated by StopAssetImportingV2(NoUpdateAssetOptions)
[MixamoControllers] SoldierShield_AC 생성 완료
UnityEngine.Debug:ExtractStackTraceNoAlloc (byte*,int,string)
UnityEngine.StackTraceUtility:ExtractStackTrace ()
UnityEngine.DebugLogHandler:Internal_Log (UnityEngine.LogType,UnityEngine.LogOption,string,UnityEngine.Object)
UnityEngine.DebugLogHandler:LogFormat (UnityEngine.LogType,UnityEngine.Object,string,object[])
UnityEngine.Logger:Log (UnityEngine.LogType,object)
UnityEngine.Debug:Log (object)
ProjectName.EditorTools.MixamoControllerBuilder:BuildSoldier (string,System.ValueTuple`2<string, string>[],bool) (at Assets/Editor/Mixamo/MixamoControllerBuilder.cs:457)
ProjectName.EditorTools.MixamoControllerBuilder:BuildAll () (at Assets/Editor/Mixamo/MixamoControllerBuilder.cs:31)

(Filename: Assets/Editor/Mixamo/MixamoControllerBuilder.cs Line: 457)

Refreshing native plugins compatible for Editor in 9.51 ms, found 5 plugins.
Asset Pipeline Refresh (id=a829e1beaca315e448f0847ae9942391): Total: 0.128 seconds - Initiated by RefreshV2(NoUpdateAssetOptions)
Start importing Assets/Resources/Animation/Controllers/SoldierGreatSword_AC.controller using Guid(0117915a15039c44aa45f42f8e0f7d8f) (NativeFormatImporter) -> (Import Result ID: 'c899ab456fc8838c897597c3e1cedbb3') in 0.0034027 seconds [static dependencies only]. Details - ImportResultOutputID=b5cc455a367914de4fce6cc222061829 DependenciesID=5d4ad2e64c65e0cdf6045794b9d61884 StaticDependenciesID=4c2990064285faeedf42451161035590 
Refreshing native plugins compatible for Editor in 7.31 ms, found 5 plugins.
Asset Pipeline Refresh (id=78e82fded1be34f4eacc527f79a90837): Total: 0.123 seconds - Initiated by StopAssetImportingV2(NoUpdateAssetOptions)
Start importing Assets/Resources/Animation/Controllers/SoldierGreatSword_AC.controller using Guid(0117915a15039c44aa45f42f8e0f7d8f) (NativeFormatImporter) -> (Import Result ID: 'c899ab456fc8838c897597c3e1cedbb3') in 0.0029609 seconds [static dependencies only]. Details - ImportResultOutputID=b5cc455a367914de4fce6cc222061829 DependenciesID=5d4ad2e64c65e0cdf6045794b9d61884 StaticDependenciesID=4c2990064285faeedf42451161035590 
Refreshing native plugins compatible for Editor in 8.56 ms, found 5 plugins.
Asset Pipeline Refresh (id=2d2ec592c0ed5304897c5f490b9bd7c1): Total: 0.050 seconds - Initiated by StopAssetImportingV2(NoUpdateAssetOptions)
[MixamoControllers] 컨트롤러 생성 경로 확인: Assets/Resources/Animation/Controllers/SoldierGreatSword_AC.controller
UnityEngine.Debug:ExtractStackTraceNoAlloc (byte*,int,string)
UnityEngine.StackTraceUtility:ExtractStackTrace ()
UnityEngine.DebugLogHandler:Internal_Log (UnityEngine.LogType,UnityEngine.LogOption,string,UnityEngine.Object)
UnityEngine.DebugLogHandler:LogFormat (UnityEngine.LogType,UnityEngine.Object,string,object[])
UnityEngine.Logger:Log (UnityEngine.LogType,object)
UnityEngine.Debug:Log (object)
ProjectName.EditorTools.MixamoControllerBuilder:Create (string,System.ValueTuple`2<string, UnityEngine.AnimatorControllerParameterType>[]) (at Assets/Editor/Mixamo/MixamoControllerBuilder.cs:634)
ProjectName.EditorTools.MixamoControllerBuilder:BuildSoldier (string,System.ValueTuple`2<string, string>[],bool) (at Assets/Editor/Mixamo/MixamoControllerBuilder.cs:434)
ProjectName.EditorTools.MixamoControllerBuilder:BuildAll () (at Assets/Editor/Mixamo/MixamoControllerBuilder.cs:39)

(Filename: Assets/Editor/Mixamo/MixamoControllerBuilder.cs Line: 634)

Start importing Assets/Resources/Animation/Controllers/SoldierGreatSword_AC.controller using Guid(0117915a15039c44aa45f42f8e0f7d8f) (NativeFormatImporter) -> (Import Result ID: '583739c9dce4c7daabcb48967b88dcaa') in 0.0030451 seconds [static dependencies only]. Details - ImportResultOutputID=b5cc455a367914de4fce6cc222061829 DependenciesID=b669794d596a7469e8c4261e572c6bf3 StaticDependenciesID=0b832db65d7ca5beda94c3158b17b923 
Refreshing native plugins compatible for Editor in 8.62 ms, found 5 plugins.
Asset Pipeline Refresh (id=1a1e2cbbf11befc4099ff30a6ceefa67): Total: 0.107 seconds - Initiated by StopAssetImportingV2(NoUpdateAssetOptions)
[MixamoControllers] SoldierGreatSword_AC 생성 완료
UnityEngine.Debug:ExtractStackTraceNoAlloc (byte*,int,string)
UnityEngine.StackTraceUtility:ExtractStackTrace ()
UnityEngine.DebugLogHandler:Internal_Log (UnityEngine.LogType,UnityEngine.LogOption,string,UnityEngine.Object)
UnityEngine.DebugLogHandler:LogFormat (UnityEngine.LogType,UnityEngine.Object,string,object[])
UnityEngine.Logger:Log (UnityEngine.LogType,object)
UnityEngine.Debug:Log (object)
ProjectName.EditorTools.MixamoControllerBuilder:BuildSoldier (string,System.ValueTuple`2<string, string>[],bool) (at Assets/Editor/Mixamo/MixamoControllerBuilder.cs:457)
ProjectName.EditorTools.MixamoControllerBuilder:BuildAll () (at Assets/Editor/Mixamo/MixamoControllerBuilder.cs:39)

(Filename: Assets/Editor/Mixamo/MixamoControllerBuilder.cs Line: 457)

Refreshing native plugins compatible for Editor in 6.20 ms, found 5 plugins.
Asset Pipeline Refresh (id=f8fb4c49cc775304c8c795b02879a12a): Total: 0.118 seconds - Initiated by RefreshV2(NoUpdateAssetOptions)
Start importing Assets/Resources/Animation/Controllers/SoldierArcher_AC.controller using Guid(ff3f16662c52f8749a100287d8ddd5af) (NativeFormatImporter) -> (Import Result ID: 'f1daaae525f4cef7029f38b50d62a4b3') in 0.0032067 seconds [static dependencies only]. Details - ImportResultOutputID=0eba9c8b969e299b60d8f183f44c9a52 DependenciesID=11a7814896967888f0498c2a35deea13 StaticDependenciesID=f6b72abab1f11c76a70fea8ef2471ea3 
Refreshing native plugins compatible for Editor in 7.04 ms, found 5 plugins.
Asset Pipeline Refresh (id=9b05540d401679f4b91cd22058b38ecc): Total: 0.115 seconds - Initiated by StopAssetImportingV2(NoUpdateAssetOptions)
Start importing Assets/Resources/Animation/Controllers/SoldierArcher_AC.controller using Guid(ff3f16662c52f8749a100287d8ddd5af) (NativeFormatImporter) -> (Import Result ID: 'f1daaae525f4cef7029f38b50d62a4b3') in 0.0030103 seconds [static dependencies only]. Details - ImportResultOutputID=0eba9c8b969e299b60d8f183f44c9a52 DependenciesID=11a7814896967888f0498c2a35deea13 StaticDependenciesID=f6b72abab1f11c76a70fea8ef2471ea3 
Refreshing native plugins compatible for Editor in 6.49 ms, found 5 plugins.
Asset Pipeline Refresh (id=ed76f3add8bdba641a0889c53cf02b60): Total: 0.054 seconds - Initiated by StopAssetImportingV2(NoUpdateAssetOptions)
[MixamoControllers] 컨트롤러 생성 경로 확인: Assets/Resources/Animation/Controllers/SoldierArcher_AC.controller
UnityEngine.Debug:ExtractStackTraceNoAlloc (byte*,int,string)
UnityEngine.StackTraceUtility:ExtractStackTrace ()
UnityEngine.DebugLogHandler:Internal_Log (UnityEngine.LogType,UnityEngine.LogOption,string,UnityEngine.Object)
UnityEngine.DebugLogHandler:LogFormat (UnityEngine.LogType,UnityEngine.Object,string,object[])
UnityEngine.Logger:Log (UnityEngine.LogType,object)
UnityEngine.Debug:Log (object)
ProjectName.EditorTools.MixamoControllerBuilder:Create (string,System.ValueTuple`2<string, UnityEngine.AnimatorControllerParameterType>[]) (at Assets/Editor/Mixamo/MixamoControllerBuilder.cs:634)
ProjectName.EditorTools.MixamoControllerBuilder:BuildSoldier (string,System.ValueTuple`2<string, string>[],bool) (at Assets/Editor/Mixamo/MixamoControllerBuilder.cs:434)
ProjectName.EditorTools.MixamoControllerBuilder:BuildAll () (at Assets/Editor/Mixamo/MixamoControllerBuilder.cs:47)

(Filename: Assets/Editor/Mixamo/MixamoControllerBuilder.cs Line: 634)

Start importing Assets/Resources/Animation/Controllers/SoldierArcher_AC.controller using Guid(ff3f16662c52f8749a100287d8ddd5af) (NativeFormatImporter) -> (Import Result ID: '9412ffaa68abaac784725cce4941f17e') in 0.0032778 seconds [static dependencies only]. Details - ImportResultOutputID=0eba9c8b969e299b60d8f183f44c9a52 DependenciesID=cd58d8a2e6e2df3af476daac48a791b5 StaticDependenciesID=24f44dc5d56028c7dbebf81b5a38215c 
Refreshing native plugins compatible for Editor in 6.52 ms, found 5 plugins.
Asset Pipeline Refresh (id=1e8314f4da0bc7f4c8fcab10cb0dfbce): Total: 0.107 seconds - Initiated by StopAssetImportingV2(NoUpdateAssetOptions)
[MixamoControllers] SoldierArcher_AC 생성 완료
UnityEngine.Debug:ExtractStackTraceNoAlloc (byte*,int,string)
UnityEngine.StackTraceUtility:ExtractStackTrace ()
UnityEngine.DebugLogHandler:Internal_Log (UnityEngine.LogType,UnityEngine.LogOption,string,UnityEngine.Object)
UnityEngine.DebugLogHandler:LogFormat (UnityEngine.LogType,UnityEngine.Object,string,object[])
UnityEngine.Logger:Log (UnityEngine.LogType,object)
UnityEngine.Debug:Log (object)
ProjectName.EditorTools.MixamoControllerBuilder:BuildSoldier (string,System.ValueTuple`2<string, string>[],bool) (at Assets/Editor/Mixamo/MixamoControllerBuilder.cs:457)
ProjectName.EditorTools.MixamoControllerBuilder:BuildAll () (at Assets/Editor/Mixamo/MixamoControllerBuilder.cs:47)

(Filename: Assets/Editor/Mixamo/MixamoControllerBuilder.cs Line: 457)

Asset Pipeline Refresh (id=95e62269c251c7548a522b6e87658e86): Total: 0.021 seconds - Initiated by RefreshV2(NoUpdateAssetOptions)
[MixamoControllers] 4개 컨트롤러 생성 완료 → Assets/Resources/Animation/Controllers
UnityEngine.Debug:ExtractStackTraceNoAlloc (byte*,int,string)
UnityEngine.StackTraceUtility:ExtractStackTrace ()
UnityEngine.DebugLogHandler:Internal_Log (UnityEngine.LogType,UnityEngine.LogOption,string,UnityEngine.Object)
UnityEngine.DebugLogHandler:LogFormat (UnityEngine.LogType,UnityEngine.Object,string,object[])
UnityEngine.Logger:Log (UnityEngine.LogType,object)
UnityEngine.Debug:Log (object)
ProjectName.EditorTools.MixamoControllerBuilder:BuildAll () (at Assets/Editor/Mixamo/MixamoControllerBuilder.cs:57)

(Filename: Assets/Editor/Mixamo/MixamoControllerBuilder.cs Line: 57)

Batchmode quit successfully invoked - shutting down!
[Physics::Module] Cleanup current backend.
[Physics::Module] Id: 0xf2b8ea05
Input System module state changed to: ShutdownInProgress.
Input Polling Thread exited.
Input System module state changed to: Shutdown.
[Licensing::IpcConnector] LicenseClient-korea-notifications channel disconnected successfully.
[Licensing::IpcConnector] LicenseClient-korea channel disconnected successfully.
AcceleratorClientConnectionCallback - disconnected - :0
Cleanup mono
CodeReloadManager destroyed
abort_threads: Failed aborting id: 0000000000000B34, mono_thread_manage will ignore it

abort_threads: Failed aborting id: 0000000000001530, mono_thread_manage will ignore it

abort_threads: Failed aborting id: 0000000000002548, mono_thread_manage will ignore it

abort_threads: Failed aborting id: 0000000000000B34, mono_thread_manage will ignore it

abort_threads: Failed aborting id: 0000000000001530, mono_thread_manage will ignore it

abort_threads: Failed aborting id: 0000000000002548, mono_thread_manage will ignore it

debugger-agent: Unable to listen on 3144
Exiting batchmode successfully now!
Exiting without the bug reporter. Application will terminate with return code 0