[Licensing::Module] Trying to connect to existing licensing client channel...
Built from '6000.4/staging' branch; Version is '6000.4.10f1 (feeafc12a938) revision 16706300'; Using compiler version '194234433'; Build Type 'Release'
[Licensing::IpcConnector] Successfully connected to: "LicenseClient-korea" at "2026-09-08T12:43:26.5332826Z"
OS: 'Windows 10  (10.0.19045) 64bit Core' Language: 'ko' Physical Memory: 7880 MB
BatchMode: 1, IsHumanControllingUs: 0, StartBugReporterOnCrash: 0, Is64bit: 1
System  architecture: x64
Process architecture: x64
Date: 2026-09-08T12:43:26Z

COMMAND LINE ARGUMENTS:
Unity.exe
-quit
-batchmode
-projectPath
C:/Unity/code
-executeMethod
ProjectName.EditorTools.MixamoControllerBuilder.BuildAll
-logFile
C:/Unity/code/unity_cb_r7.log
Successfully changed project path to: C:/Unity/code
C:/Unity/code
[UnityMemory] Configuration Parameters - Can be set up in boot.config
    "memorysetup-temp-allocator-size-gi-baking-worker=262144"
    "memorysetup-temp-allocator-size-gi-baking-worker=262144"
    "memorysetup-temp-allocator-size-gi-baking-worker=262144"
    "memorysetup-temp-allocator-size-gi-baking-worker=262144"
    "memorysetup-temp-allocator-size-gi-baking-worker=262144"
    "memorysetup-temp-allocator-size-nav-mesh-worker=65536"
    "memorysetup-temp-allocator-size-audio-worker=65536"
    "memorysetup-temp-allocator-size-cloud-worker=32768"
    "memorysetup-temp-allocator-size-gfx=262144"
    "memorysetup-temp-allocator-size-preload-manager=33554432"
    "memorysetup-temp-allocator-size-job-worker=262144"
    "memorysetup-temp-allocator-size-background-worker=32768"
    "memorysetup-allocator-temp-initial-block-size-main=262144"
    "memorysetup-allocator-temp-initial-block-size-worker=262144"
    "memorysetup-bucket-allocator-granularity=16"
    "memorysetup-bucket-allocator-bucket-count=8"
    "memorysetup-bucket-allocator-block-size=33554432"
    "memorysetup-bucket-allocator-block-count=8"
    "memorysetup-main-allocator-block-size=16777216"
    "memorysetup-thread-allocator-block-size=16777216"
    "memorysetup-gfx-main-allocator-block-size=16777216"
    "memorysetup-gfx-thread-allocator-block-size=16777216"
    "memorysetup-cache-allocator-block-size=4194304"
    "memorysetup-typetree-allocator-block-size=2097152"
    "memorysetup-profiler-bucket-allocator-granularity=16"
    "memorysetup-profiler-bucket-allocator-bucket-count=8"
    "memorysetup-profiler-bucket-allocator-block-size=33554432"
    "memorysetup-profiler-bucket-allocator-block-count=8"
    "memorysetup-profiler-allocator-block-size=16777216"
    "memorysetup-profiler-editor-allocator-block-size=1048576"
    "memorysetup-temp-allocator-size-main=16777216"
    "memorysetup-job-temp-allocator-block-size=2097152"
    "memorysetup-job-temp-allocator-block-size-background=1048576"
    "memorysetup-job-temp-allocator-reduction-small-platforms=262144"
Player connection [3532]  Target information:

Player connection [3532]  * "[IP] 172.21.112.1 [Port] 55504 [Flags] 2 [Guid] 430842885 [EditorId] 430842885 [Version] 1048832 [Id] WindowsEditor(7,DESKTOP-N0QMTC3) [Debug] 1 [PackageName] WindowsEditor [ProjectName] Editor" 

Player connection [3532]  * "[IP] 192.168.219.108 [Port] 55504 [Flags] 2 [Guid] 430842885 [EditorId] 430842885 [Version] 1048832 [Id] WindowsEditor(7,DESKTOP-N0QMTC3) [Debug] 1 [PackageName] WindowsEditor [ProjectName] Editor" 

[Licensing::Client] Code 10 while verifying Licensing Client signature (process Id: 7704, path: "C:/Program Files/Unity/Hub/Editor/6000.4.10f1/Editor/Data/Resources/Licensing/Client/Unity.Licensing.Client.exe")
[Licensing::Module] LicensingClient has failed validation; ignoring
[Licensing::Client] Handshaking with LicensingClient:
  Version:                 1.18.1+9fbee8e
  Session Id:              27a3179aa0a84368a9b5ae05920bd5c3
  Correlation Id:          66307c5700fd91d1fa8a0db60c70a5f0
  External correlation Id: 7897232168739149074
  Machine Id:              5cJWr0XiXK4/b2/xsaHUUO6HAA8=
[Licensing::Module] Successfully connected to LicensingClient on channel: "LicenseClient-korea" (connect: 0.00s, validation: 0.00s, handshake: 0.13s)
[Licensing::IpcConnector] Successfully connected to: "LicenseClient-korea-notifications" at "2026-09-08T12:43:26.6712592Z"
[Licensing::Module] Error: Access token is unavailable; failed to update
Player connection [3532] Host joined multi-casting on [225.0.0.222:54997]...
Player connection [3532] Host joined alternative multi-casting on [225.0.0.222:34997]...
Input System module state changed to: Initialized.
[Licensing::Client] Successfully resolved entitlement details
[Licensing::Module] License group:
  Id: 14569764733855-UnityPersXXXX
  Product: Unity Personal
  Type: Assigned
  Expiration: Unlimited
[Physics::Module] Initialized fallback backend.
[Physics::Module] Id: 0xdecafbad
[Licensing::Client] Successfully updated license, isAsync: True, time: 0.01
[Licensing::Client] Successfully resolved entitlement details
[Licensing::Module] Licensing Background thread has ended after 0.18s
[Package Manager] Connected to IPC stream "Upm-284" after 0.5 seconds.
[Licensing::Client] Successfully resolved entitlement details
Library Redirect Path: Library/
[Physics::Module] Selected backend.
[Physics::Module] Name: PhysX
[Physics::Module] Id: 0xf2b8ea05
[Physics::Module] SDK Version: 4.1.2
[Physics::Module] Integration Version: 1.0.0
[Physics::Module] Threading Mode: Multi-Threaded
Initialize engine version: 6000.4.10f1 (feeafc12a938)
[Subsystems] Discovering subsystems at path C:/Program Files/Unity/Hub/Editor/6000.4.10f1/Editor/Data/Resources/UnitySubsystems
[Subsystems] Discovering subsystems at path C:/Unity/code/Assets
GfxDevice: creating device client; kGfxThreadingModeNonThreaded
d3d12: failed to query info queue interface (0x80004002).
Direct3D:
    Version:         Direct3D 12 [level 12.1]
    Renderer:        Intel(R) HD Graphics 530 (ID=0x1912)
    Vendor:          Intel
    VRAM:            3940 MB
    App VRAM Budget: 3546 MB
    Driver:          25.20.100.6577
    Unified Memory Architecture
    Cache Coherent UMA
Initialize mono
Mono path[0] = 'C:/Program Files/Unity/Hub/Editor/6000.4.10f1/Editor/Data/Managed'
Mono path[1] = 'C:/Program Files/Unity/Hub/Editor/6000.4.10f1/Editor/Data/MonoBleedingEdge/lib/mono/unityjit-win32'
Mono config path = 'C:/Program Files/Unity/Hub/Editor/6000.4.10f1/Editor/Data/MonoBleedingEdge/etc'
Using monoOptions --debugger-agent=transport=dt_socket,embedding=1,server=y,suspend=n,address=127.0.0.1:56284
CodeReloadManager initialized
Using cacheserver namespaces - metadata:defaultmetadata, artifacts:defaultartifacts
Using cacheserver namespaces - metadata:defaultmetadata, artifacts:defaultartifacts
ImportWorker Server TCP listen port: 0
AcceleratorClientConnectionCallback - disconnected - :0
Begin MonoManager ReloadAssembly
Registering precompiled unity dll's ...
Register platform support module: C:/Program Files/Unity/Hub/Editor/6000.4.10f1/Editor/Data/PlaybackEngines/WebGLSupport/UnityEditor.WebGL.Extensions.dll
Register platform support module: C:/Program Files/Unity/Hub/Editor/6000.4.10f1/Editor/Data/PlaybackEngines/WindowsStandaloneSupport/UnityEditor.WindowsStandalone.Extensions.dll
Registered in 0.016036 seconds.
Native extension for WindowsStandalone target not found
Native extension for WebGL target not found
Package Manager log level set to [2]
ScheduleIndexationOnStartup MainProcess:False IndexOnStartup:True
Mono: successfully reloaded assembly
- Finished resetting the current domain, in  0.759 seconds
Domain Reload Profiling: 1561ms
	BeginReloadAssembly (234ms)
		CreateAndSetChildDomain (10ms)
	RebuildCommonClasses (55ms)
	RebuildNativeTypeToScriptingClass (19ms)
	initialDomainReloadingComplete (125ms)
	LoadAllAssembliesAndSetupDomain (368ms)
		LoadAssemblies (222ms)
		AnalyzeDomain (353ms)
			TypeCache.Refresh (351ms)
				TypeCache.ScanAssembly (331ms)
	FinalizeReload (761ms)
		SetupLoadedEditorAssemblies (0ms)
			InitializePlatformSupportModulesInManaged (77ms)
			BeforeProcessingInitializeOnLoad (120ms)
			ProcessInitializeOnLoadAttributes (179ms)
			ProcessInitializeOnLoadMethodAttributes (285ms)
[Licensing::Client] Successfully resolved entitlement details
Application.AssetDatabase Initial Refresh Start
[Package Manager] Restoring resolved packages state from cache
[Licensing::Client] Successfully resolved entitlement details
[Package Manager] Registered 70 packages:
  Packages from [https://packages.unity.com]:
    com.unity.animation.rigging@1.4.1 (location: C:\Unity\code\Library\PackageCache\com.unity.animation.rigging@ae5f251e1ed4)
    com.unity.cinemachine@3.1.3 (location: C:\Unity\code\Library\PackageCache\com.unity.cinemachine@624f919d8cdd)
    com.unity.cloud.gltfast@6.9.1 (location: C:\Unity\code\Library\PackageCache\com.unity.cloud.gltfast@161e8e5e9cfb)
    com.unity.collab-proxy@2.12.4 (location: C:\Unity\code\Library\PackageCache\com.unity.collab-proxy@0b1559bcd34e)
    com.unity.inputsystem@1.19.0 (location: C:\Unity\code\Library\PackageCache\com.unity.inputsystem@21a28c3a6c83)
    com.unity.localization@1.5.3 (location: C:\Unity\code\Library\PackageCache\com.unity.localization@aa064bb50234)
    com.unity.timeline@1.8.12 (location: C:\Unity\code\Library\PackageCache\com.unity.timeline@8cd8509afae5)
    com.unity.visualscripting@1.9.11 (location: C:\Unity\code\Library\PackageCache\com.unity.visualscripting@8bed5ad90189)
    com.unity.addressables@2.9.1 (location: C:\Unity\code\Library\PackageCache\com.unity.addressables@8460f1c9c927)
    com.unity.nuget.newtonsoft-json@3.2.2 (location: C:\Unity\code\Library\PackageCache\com.unity.nuget.newtonsoft-json@4dfd81071c64)
    com.unity.ide.visualstudio@2.0.27 (location: C:\Unity\code\Library\PackageCache\com.unity.ide.visualstudio@dc1ddd4f09b6)
    com.unity.ide.rider@3.0.40 (location: C:\Unity\code\Library\PackageCache\com.unity.ide.rider@e4950c6d131b)
    com.unity.editorcoroutines@1.1.0 (location: C:\Unity\code\Library\PackageCache\com.unity.editorcoroutines@87a15ed012c2)
    com.unity.performance.profile-analyzer@1.3.4 (location: C:\Unity\code\Library\PackageCache\com.unity.performance.profile-analyzer@418130329099)
    com.unity.testtools.codecoverage@1.3.0 (location: C:\Unity\code\Library\PackageCache\com.unity.testtools.codecoverage@19a841221620)
    com.unity.burst@1.8.29 (location: C:\Unity\code\Library\PackageCache\com.unity.burst@6bb9aca3ef38)
    com.unity.mathematics@1.3.3 (location: C:\Unity\code\Library\PackageCache\com.unity.mathematics@19a9377c4ffa)
    com.unity.ai.inference@2.6.1 (location: C:\Unity\code\Library\PackageCache\com.unity.ai.inference@9a123aee5df7)
    com.unity.splines@2.8.4 (location: C:\Unity\code\Library\PackageCache\com.unity.splines@9b00833aca09)
    com.unity.searcher@4.9.4 (location: C:\Unity\code\Library\PackageCache\com.unity.searcher@d45a78918735)
    com.unity.profiling.core@1.0.3 (location: C:\Unity\code\Library\PackageCache\com.unity.profiling.core@8a49f7027d06)
    com.unity.scriptablebuildpipeline@2.6.1 (location: C:\Unity\code\Library\PackageCache\com.unity.scriptablebuildpipeline@36e3b5898ee2)
    com.unity.settings-manager@2.1.1 (location: C:\Unity\code\Library\PackageCache\com.unity.settings-manager@0b8638c5ce86)
    com.unity.nuget.mono-cecil@1.11.6 (location: C:\Unity\code\Library\PackageCache\com.unity.nuget.mono-cecil@ecb9724e46ff)
    com.unity.test-framework.performance@3.4.0 (location: C:\Unity\code\Library\PackageCache\com.unity.test-framework.performance@aa81a99c4a75)
    com.unity.dt.app-ui@2.1.1 (location: C:\Unity\code\Library\PackageCache\com.unity.dt.app-ui@8ac7e730dd5d)
  Built-in packages:
    com.unity.sentis@2.2.0 (location: C:\Unity\code\Library\PackageCache\com.unity.sentis@eef1e5173b44)
    com.unity.feature.development@1.0.2 (location: C:\Unity\code\Library\PackageCache\com.unity.feature.development@767aadbc6eb7)
    com.unity.render-pipelines.universal@17.4.0 (location: C:\Unity\code\Library\PackageCache\com.unity.render-pipelines.universal@cdf909593d80)
    com.unity.test-framework@1.6.0 (location: C:\Unity\code\Library\PackageCache\com.unity.test-framework@996f223345ba)
    com.unity.textmeshpro@5.0.0 (location: C:\Unity\code\Library\PackageCache\com.unity.textmeshpro@53f43edfd2e0)
    com.unity.ugui@2.0.0 (location: C:\Unity\code\Library\PackageCache\com.unity.ugui@1f2d1ab0d950)
    com.unity.modules.ai@1.0.0 (location: C:\Unity\code\Library\PackageCache\com.unity.modules.ai)
    com.unity.modules.androidjni@1.0.0 (location: C:\Unity\code\Library\PackageCache\com.unity.modules.androidjni)
    com.unity.modules.animation@1.0.0 (location: C:\Unity\code\Library\PackageCache\com.unity.modules.animation)
    com.unity.modules.assetbundle@1.0.0 (location: C:\Unity\code\Library\PackageCache\com.unity.modules.assetbundle)
    com.unity.modules.audio@1.0.0 (location: C:\Unity\code\Library\PackageCache\com.unity.modules.audio)
    com.unity.modules.cloth@1.0.0 (location: C:\Unity\code\Library\PackageCache\com.unity.modules.cloth)
    com.unity.modules.director@1.0.0 (location: C:\Unity\code\Library\PackageCache\com.unity.modules.director)
    com.unity.modules.imageconversion@1.0.0 (location: C:\Unity\code\Library\PackageCache\com.unity.modules.imageconversion)
    com.unity.modules.imgui@1.0.0 (location: C:\Unity\code\Library\PackageCache\com.unity.modules.imgui)
    com.unity.modules.jsonserialize@1.0.0 (location: C:\Unity\code\Library\PackageCache\com.unity.modules.jsonserialize)
    com.unity.modules.particlesystem@1.0.0 (location: C:\Unity\code\Library\PackageCache\com.unity.modules.particlesystem)
    com.unity.modules.physics@1.0.0 (location: C:\Unity\code\Library\PackageCache\com.unity.modules.physics)
    com.unity.modules.physics2d@1.0.0 (location: C:\Unity\code\Library\PackageCache\com.unity.modules.physics2d)
    com.unity.modules.screencapture@1.0.0 (location: C:\Unity\code\Library\PackageCache\com.unity.modules.screencapture)
    com.unity.modules.terrain@1.0.0 (location: C:\Unity\code\Library\PackageCache\com.unity.modules.terrain)
    com.unity.modules.terrainphysics@1.0.0 (location: C:\Unity\code\Library\PackageCache\com.unity.modules.terrainphysics)
    com.unity.modules.tilemap@1.0.0 (location: C:\Unity\code\Library\PackageCache\com.unity.modules.tilemap)
    com.unity.modules.ui@1.0.0 (location: C:\Unity\code\Library\PackageCache\com.unity.modules.ui)
    com.unity.modules.uielements@1.0.0 (location: C:\Unity\code\Library\PackageCache\com.unity.modules.uielements)
    com.unity.modules.umbra@1.0.0 (location: C:\Unity\code\Library\PackageCache\com.unity.modules.umbra)
    com.unity.modules.unityanalytics@1.0.0 (location: C:\Unity\code\Library\PackageCache\com.unity.modules.unityanalytics)
    com.unity.modules.unitywebrequest@1.0.0 (location: C:\Unity\code\Library\PackageCache\com.unity.modules.unitywebrequest)
    com.unity.modules.unitywebrequestassetbundle@1.0.0 (location: C:\Unity\code\Library\PackageCache\com.unity.modules.unitywebrequestassetbundle)
    com.unity.modules.unitywebrequestaudio@1.0.0 (location: C:\Unity\code\Library\PackageCache\com.unity.modules.unitywebrequestaudio)
    com.unity.modules.unitywebrequesttexture@1.0.0 (location: C:\Unity\code\Library\PackageCache\com.unity.modules.unitywebrequesttexture)
    com.unity.modules.unitywebrequestwww@1.0.0 (location: C:\Unity\code\Library\PackageCache\com.unity.modules.unitywebrequestwww)
    com.unity.modules.vehicles@1.0.0 (location: C:\Unity\code\Library\PackageCache\com.unity.modules.vehicles)
    com.unity.modules.video@1.0.0 (location: C:\Unity\code\Library\PackageCache\com.unity.modules.video)
    com.unity.modules.vr@1.0.0 (location: C:\Unity\code\Library\PackageCache\com.unity.modules.vr)
    com.unity.modules.wind@1.0.0 (location: C:\Unity\code\Library\PackageCache\com.unity.modules.wind)
    com.unity.modules.xr@1.0.0 (location: C:\Unity\code\Library\PackageCache\com.unity.modules.xr)
    com.unity.modules.subsystems@1.0.0 (location: C:\Unity\code\Library\PackageCache\com.unity.modules.subsystems)
    com.unity.modules.hierarchycore@1.0.0 (location: C:\Unity\code\Library\PackageCache\com.unity.modules.hierarchycore)
    com.unity.ext.nunit@2.0.5 (location: C:\Unity\code\Library\PackageCache\com.unity.ext.nunit@d8c07649098d)
    com.unity.render-pipelines.core@17.4.0 (location: C:\Unity\code\Library\PackageCache\com.unity.render-pipelines.core@5aab14b68499)
    com.unity.shadergraph@17.4.0 (location: C:\Unity\code\Library\PackageCache\com.unity.shadergraph@93ee0fdc6ad8)
    com.unity.render-pipelines.universal-config@17.4.0 (location: C:\Unity\code\Library\PackageCache\com.unity.render-pipelines.universal-config@0db4263b9e6b)
    com.unity.collections@6.4.0 (location: C:\Unity\code\Library\PackageCache\com.unity.collections@5b6ebd78ccc0)
[Package Manager] com.unity.textmeshpro is deprecated: This package is no longer supported. TextMeshPro functionalities are now included in the com.unity.ugui package. To continue using them, consider adding it to your project dependencies.
[Subsystems] No new subsystems found in resolved package list.
[Package Manager] Done registering packages in 0.05 seconds
Assembly reference Packages/com.unity.cinemachine/Editor/Samples/ExposeHDRPInternals/HDRP-Editor-ref.asmref has no target assembly definition
Assembly reference Packages/com.unity.cinemachine/Editor/Samples/ExposeHDRPInternals/HDRP-Editor-ref.asmref has no target assembly definition
[ScriptCompilation] Requested script compilation because: AssetDatabase observed changes in script compilation related files
info: Microsoft.Hosting.Lifetime[14]
      Now listening on: http://localhost:80
info: Microsoft.Hosting.Lifetime[0]
      Application started. Press Ctrl+C to shut down.
info: Microsoft.Hosting.Lifetime[0]
      Hosting environment: Production
info: Microsoft.Hosting.Lifetime[0]
      Content root path: C:\Unity\code
info: Microsoft.AspNetCore.Hosting.Diagnostics[1]
      Request starting HTTP/2 POST http://ilpp/UnityILPP.PostProcessing/Ping - application/grpc -
info: Microsoft.AspNetCore.Routing.EndpointMiddleware[0]
      Executing endpoint 'gRPC - /UnityILPP.PostProcessing/Ping'
info: Microsoft.AspNetCore.Routing.EndpointMiddleware[1]
      Executed endpoint 'gRPC - /UnityILPP.PostProcessing/Ping'
info: Microsoft.AspNetCore.Hosting.Diagnostics[2]
      Request finished HTTP/2 POST http://ilpp/UnityILPP.PostProcessing/Ping - 200 - application/grpc 78.7668ms
Starting: C:\Program Files\Unity\Hub\Editor\6000.4.10f1\Editor\Data\Tools\BuildPipeline\bee_backend.exe --ipc --defer-dag-verification --dagfile="Library/Bee/1900b0aE.dag" --continue-on-failure --profile="Library/Bee/backend1.traceevents" ScriptAssemblies
WorkingDir: C:/Unity/code
DisplayProgressbar: Compiling Scripts
info: Microsoft.AspNetCore.Hosting.Diagnostics[1]
      Request starting HTTP/2 POST http://ilpp/UnityILPP.PostProcessing/ConfigurePostProcessors - application/grpc -
info: Microsoft.AspNetCore.Routing.EndpointMiddleware[0]
      Executing endpoint 'gRPC - /UnityILPP.PostProcessing/ConfigurePostProcessors'
warn: Unity.ILPP.Runner.PostProcessingAssemblyLoadContext[0]
      Assembly system.runtime.interopservices.windowsruntime has duplicate hint path. Ignoring "C:\Program Files\Unity\Hub\Editor\6000.4.10f1\Editor\Data\UnityReferenceAssemblies\unity-4.8-api\Facades\System.Runtime.InteropServices.WindowsRuntime.dll" in favor of "C:\Program Files\Unity\Hub\Editor\6000.4.10f1\Editor\Data\NetStandard\Extensions\2.0.0\System.Runtime.InteropServices.WindowsRuntime.dll"
warn: Unity.ILPP.Runner.PostProcessingAssemblyLoadContext[0]
      Assembly system.componentmodel.composition has duplicate hint path. Ignoring "C:\Program Files\Unity\Hub\Editor\6000.4.10f1\Editor\Data\UnityReferenceAssemblies\unity-4.8-api\System.ComponentModel.Composition.dll" in favor of "C:\Program Files\Unity\Hub\Editor\6000.4.10f1\Editor\Data\NetStandard\compat\2.1.0\shims\netfx\System.ComponentModel.Composition.dll"
info: Unity.ILPP.Runner.PostProcessingAssemblyLoadContext[0]
      Resolved Unity.Burst.Cecil, Version=0.11.6.0, Culture=neutral, PublicKeyToken=50cebf1cceb9d05e with Library\PackageCache\com.unity.burst@6bb9aca3ef38\Unity.Burst.CodeGen\Unity.Burst.Cecil.dll
info: Unity.ILPP.Runner.PostProcessingAssemblyLoadContext[0]
      Resolved Mono.Cecil, Version=0.11.5.0, Culture=neutral, PublicKeyToken=50cebf1cceb9d05e with Library\PackageCache\com.unity.nuget.mono-cecil@ecb9724e46ff\Mono.Cecil.dll
info: Microsoft.AspNetCore.Routing.EndpointMiddleware[1]
      Executed endpoint 'gRPC - /UnityILPP.PostProcessing/ConfigurePostProcessors'
info: Microsoft.AspNetCore.Hosting.Diagnostics[2]
      Request finished HTTP/2 POST http://ilpp/UnityILPP.PostProcessing/ConfigurePostProcessors - 200 - application/grpc 138.2987ms
info: Microsoft.AspNetCore.Hosting.Diagnostics[1]
      Request starting HTTP/2 POST http://ilpp/UnityILPP.PostProcessing/PostProcessAssembly - application/grpc -
info: Microsoft.AspNetCore.Routing.EndpointMiddleware[0]
      Executing endpoint 'gRPC - /UnityILPP.PostProcessing/PostProcessAssembly'
info: Microsoft.AspNetCore.Hosting.Diagnostics[1]
      Request starting HTTP/2 POST http://ilpp/UnityILPP.PostProcessing/PostProcessAssembly - application/grpc -
info: Microsoft.AspNetCore.Routing.EndpointMiddleware[0]
      Executing endpoint 'gRPC - /UnityILPP.PostProcessing/PostProcessAssembly'
info: Microsoft.AspNetCore.Hosting.Diagnostics[1]
      Request starting HTTP/2 POST http://ilpp/UnityILPP.PostProcessing/PostProcessAssembly - application/grpc -
info: Microsoft.AspNetCore.Routing.EndpointMiddleware[0]
      Executing endpoint 'gRPC - /UnityILPP.PostProcessing/PostProcessAssembly'
info: Unity.ILPP.Runner.PostProcessingPipeline[0]
      Processing assembly Library/Bee/artifacts/1900b0aE.dag/ProjectName.Systems.dll, with 144 defines and 286 references
info: Unity.ILPP.Runner.PostProcessingPipeline[0]
      Processing assembly Library/Bee/artifacts/1900b0aE.dag/ProjectName.UI.dll, with 144 defines and 286 references
info: Unity.ILPP.Runner.PostProcessingPipeline[0]
      Processing assembly Library/Bee/artifacts/1900b0aE.dag/Assembly-CSharp.dll, with 144 defines and 355 references
info: Unity.ILPP.Runner.PostProcessingPipeline[0]
      processors: Unity.Jobs.CodeGen.JobsILPostProcessor, zzzUnity.Burst.CodeGen.BurstILPostProcessor
info: Unity.ILPP.Runner.PostProcessingPipeline[0]
      processors: Unity.Jobs.CodeGen.JobsILPostProcessor, zzzUnity.Burst.CodeGen.BurstILPostProcessor
info: Unity.ILPP.Runner.PostProcessingPipeline[0]
      processors: Unity.Jobs.CodeGen.JobsILPostProcessor, zzzUnity.Burst.CodeGen.BurstILPostProcessor
info: Unity.ILPP.Runner.PostProcessingPipeline[0]
      running Unity.Jobs.CodeGen.JobsILPostProcessor
info: Unity.ILPP.Runner.PostProcessingAssemblyLoadContext[0]
      Resolved Unity.Collections, Version=0.0.0.0, Culture=neutral, PublicKeyToken=null with Library\Bee\artifacts\1900b0aE.dag\Unity.Collections.dll
info: Unity.ILPP.Runner.PostProcessingAssemblyLoadContext[0]
      Resolved UnityEditor.CoreModule, Version=0.0.0.0, Culture=neutral, PublicKeyToken=null with C:\Program Files\Unity\Hub\Editor\6000.4.10f1\Editor\Data\Managed\UnityEngine\UnityEditor.CoreModule.dll
info: Unity.ILPP.Runner.PostProcessingAssemblyLoadContext[0]
      Resolved UnityEngine.CoreModule, Version=0.0.0.0, Culture=neutral, PublicKeyToken=null with C:\Program Files\Unity\Hub\Editor\6000.4.10f1\Editor\Data\Managed\UnityEngine\UnityEngine.CoreModule.dll
info: Unity.ILPP.Runner.PostProcessingPipeline[0]
      running Unity.Jobs.CodeGen.JobsILPostProcessor
info: Unity.ILPP.Runner.PostProcessingPipeline[0]
      running zzzUnity.Burst.CodeGen.BurstILPostProcessor
info: Unity.ILPP.Runner.PostProcessingPipeline[0]
      running zzzUnity.Burst.CodeGen.BurstILPostProcessor
info: Unity.ILPP.Runner.PostProcessingAssemblyLoadContext[0]
      Resolved Unity.Burst.Cecil.Rocks, Version=0.11.6.0, Culture=neutral, PublicKeyToken=50cebf1cceb9d05e with Library\PackageCache\com.unity.burst@6bb9aca3ef38\Unity.Burst.CodeGen\Unity.Burst.Cecil.Rocks.dll
info: Microsoft.AspNetCore.Routing.EndpointMiddleware[1]
      Executed endpoint 'gRPC - /UnityILPP.PostProcessing/PostProcessAssembly'
info: Microsoft.AspNetCore.Hosting.Diagnostics[2]
      Request finished HTTP/2 POST http://ilpp/UnityILPP.PostProcessing/PostProcessAssembly - 200 - application/grpc 2177.8123ms
info: Unity.ILPP.Runner.PostProcessingPipeline[0]
      running Unity.Jobs.CodeGen.JobsILPostProcessor
info: Unity.ILPP.Runner.PostProcessingPipeline[0]
      running zzzUnity.Burst.CodeGen.BurstILPostProcessor
info: Microsoft.AspNetCore.Routing.EndpointMiddleware[1]
      Executed endpoint 'gRPC - /UnityILPP.PostProcessing/PostProcessAssembly'
info: Microsoft.AspNetCore.Hosting.Diagnostics[2]
      Request finished HTTP/2 POST http://ilpp/UnityILPP.PostProcessing/PostProcessAssembly - 200 - application/grpc 2301.4663ms
info: Microsoft.AspNetCore.Routing.EndpointMiddleware[1]
      Executed endpoint 'gRPC - /UnityILPP.PostProcessing/PostProcessAssembly'
info: Microsoft.AspNetCore.Hosting.Diagnostics[2]
      Request finished HTTP/2 POST http://ilpp/UnityILPP.PostProcessing/PostProcessAssembly - 200 - application/grpc 2586.4183ms
info: Microsoft.AspNetCore.Hosting.Diagnostics[1]
      Request starting HTTP/2 POST http://ilpp/UnityILPP.PostProcessing/PostProcessAssembly - application/grpc -
info: Microsoft.AspNetCore.Routing.EndpointMiddleware[0]
      Executing endpoint 'gRPC - /UnityILPP.PostProcessing/PostProcessAssembly'
info: Unity.ILPP.Runner.PostProcessingPipeline[0]
      Processing assembly Library/Bee/artifacts/1900b0aE.dag/Assembly-CSharp-Editor.dll, with 142 defines and 381 references
info: Unity.ILPP.Runner.PostProcessingPipeline[0]
      processors: Unity.Jobs.CodeGen.JobsILPostProcessor, zzzUnity.Burst.CodeGen.BurstILPostProcessor
info: Unity.ILPP.Runner.PostProcessingPipeline[0]
      running Unity.Jobs.CodeGen.JobsILPostProcessor
info: Unity.ILPP.Runner.PostProcessingPipeline[0]
      running zzzUnity.Burst.CodeGen.BurstILPostProcessor
info: Microsoft.AspNetCore.Routing.EndpointMiddleware[1]
      Executed endpoint 'gRPC - /UnityILPP.PostProcessing/PostProcessAssembly'
info: Microsoft.AspNetCore.Hosting.Diagnostics[2]
      Request finished HTTP/2 POST http://ilpp/UnityILPP.PostProcessing/PostProcessAssembly - 200 - application/grpc 133.6831ms
ExitCode: 0 Duration: 16s
[ 723/1401  0s] ILPP-Configuration Library/ilpp-configuration.nevergeneratedoutput
[BUSY       6s] Csc Library/Bee/artifacts/1900b0aE.dag/ProjectName.Systems.dll (+2 others)
[1385/1401  9s] Csc Library/Bee/artifacts/1900b0aE.dag/ProjectName.Systems.dll (+2 others)
Assets\Scripts\Systems\Animation\ModelAnimatorAssigner.cs(251,16): warning CS0618: 'ProceduralAnimationController' is obsolete: 'Use HybridAnimationController with NeuralAnimationController instead. See MIGRATION_GUIDE_PHASE46.md'

Assets\Scripts\Systems\Animation\ModelAnimatorAssigner.cs(32,9): warning CS0618: 'ProceduralAnimationController' is obsolete: 'Use HybridAnimationController with NeuralAnimationController instead. See MIGRATION_GUIDE_PHASE46.md'

Assets\Scripts\Systems\Animation\Procedural\Debug\ProceduralAnimDebugger.cs(67,37): warning CS0618: 'ProceduralAnimationController' is obsolete: 'Use HybridAnimationController with NeuralAnimationController instead. See MIGRATION_GUIDE_PHASE46.md'

Assets\Scripts\Systems\Animation\Procedural\Debug\ProceduralAnimDebugger.cs(293,38): warning CS0618: 'ProceduralAnimationController' is obsolete: 'Use HybridAnimationController with NeuralAnimationController instead. See MIGRATION_GUIDE_PHASE46.md'

Assets\Scripts\Systems\Animation\Procedural\Debug\ProceduralAnimDebugger.cs(429,35): warning CS0618: 'ProceduralAnimationController' is obsolete: 'Use HybridAnimationController with NeuralAnimationController instead. See MIGRATION_GUIDE_PHASE46.md'

Assets\Scripts\Systems\Animation\Procedural\Debug\ProceduralAnimDebugger.cs(502,40): warning CS0618: 'ProceduralAnimationController' is obsolete: 'Use HybridAnimationController with NeuralAnimationController instead. See MIGRATION_GUIDE_PHASE46.md'

Assets\Scripts\Systems\Animation\Procedural\Debug\ProceduralAnimDebugger.cs(596,35): warning CS0618: 'ProceduralAnimationController' is obsolete: 'Use HybridAnimationController with NeuralAnimationController instead. See MIGRATION_GUIDE_PHASE46.md'

Assets\Scripts\Systems\Animation\Procedural\Debug\ProceduralAnimDebugger.cs(688,37): warning CS0618: 'ProceduralAnimationController' is obsolete: 'Use HybridAnimationController with NeuralAnimationController instead. See MIGRATION_GUIDE_PHASE46.md'

Assets\Scripts\Systems\Animation\Procedural\Debug\ProceduralAnimDebugger.cs(801,36): warning CS0618: 'ProceduralAnimationController' is obsolete: 'Use HybridAnimationController with NeuralAnimationController instead. See MIGRATION_GUIDE_PHASE46.md'

Assets\Scripts\Systems\Animation\Procedural\Debug\ProceduralAnimDebugger.cs(819,40): warning CS0618: 'ProceduralAnimationController' is obsolete: 'Use HybridAnimationController with NeuralAnimationController instead. See MIGRATION_GUIDE_PHASE46.md'

Assets\Scripts\Systems\Animation\Procedural\Debug\ProceduralAnimDebugger.cs(873,37): warning CS0618: 'ProceduralAnimationController' is obsolete: 'Use HybridAnimationController with NeuralAnimationController instead. See MIGRATION_GUIDE_PHASE46.md'

Assets\Scripts\Systems\Animation\Procedural\Debug\ProceduralAnimDebugger.cs(880,39): warning CS0618: 'ProceduralAnimationController' is obsolete: 'Use HybridAnimationController with NeuralAnimationController instead. See MIGRATION_GUIDE_PHASE46.md'

Assets\Scripts\Systems\Animation\Procedural\Debug\ProceduralAnimDebugger.cs(895,41): warning CS0618: 'ProceduralAnimationController' is obsolete: 'Use HybridAnimationController with NeuralAnimationController instead. See MIGRATION_GUIDE_PHASE46.md'

Assets\Scripts\Systems\Animation\Procedural\Debug\ProceduralAnimDebugger.cs(919,20): warning CS0618: 'ProceduralAnimationController' is obsolete: 'Use HybridAnimationController with NeuralAnimationController instead. See MIGRATION_GUIDE_PHASE46.md'

Assets\Scripts\Systems\HerbPickup.cs(48,17): warning CS0618: 'ProceduralAnimationController' is obsolete: 'Use HybridAnimationController with NeuralAnimationController instead. See MIGRATION_GUIDE_PHASE46.md'

Assets\Scripts\Systems\PlayerCombat.cs(35,17): warning CS0618: 'ProceduralAnimationController' is obsolete: 'Use HybridAnimationController with NeuralAnimationController instead. See MIGRATION_GUIDE_PHASE46.md'

Assets\Scripts\Systems\PlayerMovement.cs(142,17): warning CS0618: 'ProceduralAnimationController' is obsolete: 'Use HybridAnimationController with NeuralAnimationController instead. See MIGRATION_GUIDE_PHASE46.md'

Assets\Scripts\Systems\Animation\Neural\HybridAnimationController.cs(790,16): warning CS0618: 'ProceduralAnimationController' is obsolete: 'Use HybridAnimationController with NeuralAnimationController instead. See MIGRATION_GUIDE_PHASE46.md'

Assets\Scripts\Systems\Animation\Neural\HybridAnimationController.cs(27,26): warning CS0618: 'ProceduralAnimationController' is obsolete: 'Use HybridAnimationController with NeuralAnimationController instead. See MIGRATION_GUIDE_PHASE46.md'

Assets\Scripts\Systems\Animation\Neural\PolicySelector.cs(1025,72): warning CS0618: 'ProceduralAnimStateMachine' is obsolete: 'Use HybridAnimationController with NeuralAnimationController instead. See MIGRATION_GUIDE_PHASE46.md'

Assets\Scripts\Systems\Combat\ProceduralAttack.cs(204,34): warning CS0618: 'ProceduralAnimationController' is obsolete: 'Use HybridAnimationController with NeuralAnimationController instead. See MIGRATION_GUIDE_PHASE46.md'

Assets\Scripts\Systems\Animation\Procedural\ParentVelocityProvider.cs(10,30): warning CS0618: 'ProceduralAnimationController' is obsolete: 'Use HybridAnimationController with NeuralAnimationController instead. See MIGRATION_GUIDE_PHASE46.md'

Assets\Scripts\Systems\CinemachineCameraBinder.cs(150,41): warning CS0252: Possible unintended reference comparison; to get a value comparison, cast the left hand side to type 'Object'

Assets\Scripts\Systems\Animation\ModelAnimatorAssigner.cs(104,44): warning CS0618: 'ProceduralAnimationController' is obsolete: 'Use HybridAnimationController with NeuralAnimationController instead. See MIGRATION_GUIDE_PHASE46.md'

Assets\Scripts\Systems\Animation\ModelAnimatorAssigner.cs(107,59): warning CS0618: 'ProceduralAnimationController' is obsolete: 'Use HybridAnimationController with NeuralAnimationController instead. See MIGRATION_GUIDE_PHASE46.md'

Assets\Scripts\Systems\Animation\Neural\ProgressiveRolloutManager.cs(163,31): warning CS0618: 'Object.FindObjectsOfType<T>()' is obsolete: 'Object.FindObjectsOfType has been deprecated. Use Object.FindObjectsByType instead which lets you decide whether you need the results sorted or not.  FindObjectsOfType sorts the results by InstanceID but if you do not need this using FindObjectSortMode.None is considerably faster.'

Assets\Scripts\Systems\Animation\Neural\PolicySelector.cs(1029,22): warning CS0618: 'ProceduralAnimStateMachine' is obsolete: 'Use HybridAnimationController with NeuralAnimationController instead. See MIGRATION_GUIDE_PHASE46.md'

Assets\Scripts\Systems\Animation\Neural\PolicySelector.cs(1030,22): warning CS0618: 'ProceduralAnimStateMachine' is obsolete: 'Use HybridAnimationController with NeuralAnimationController instead. See MIGRATION_GUIDE_PHASE46.md'

Assets\Scripts\Systems\Animation\Neural\PolicySelector.cs(1031,22): warning CS0618: 'ProceduralAnimStateMachine' is obsolete: 'Use HybridAnimationController with NeuralAnimationController instead. See MIGRATION_GUIDE_PHASE46.md'

Assets\Scripts\Systems\Animation\Neural\PolicySelector.cs(1032,22): warning CS0618: 'ProceduralAnimStateMachine' is obsolete: 'Use HybridAnimationController with NeuralAnimationController instead. See MIGRATION_GUIDE_PHASE46.md'

Assets\Scripts\Systems\Animation\Neural\PolicySelector.cs(1033,22): warning CS0618: 'ProceduralAnimStateMachine' is obsolete: 'Use HybridAnimationController with NeuralAnimationController instead. See MIGRATION_GUIDE_PHASE46.md'

Assets\Scripts\Systems\Animation\Neural\PolicySelector.cs(1034,22): warning CS0618: 'ProceduralAnimStateMachine' is obsolete: 'Use HybridAnimationController with NeuralAnimationController instead. See MIGRATION_GUIDE_PHASE46.md'

Assets\Scripts\Systems\Animation\Neural\PolicySelector.cs(1035,22): warning CS0618: 'ProceduralAnimStateMachine' is obsolete: 'Use HybridAnimationController with NeuralAnimationController instead. See MIGRATION_GUIDE_PHASE46.md'

Assets\Scripts\Systems\Animation\Neural\PolicySelector.cs(1036,22): warning CS0618: 'ProceduralAnimStateMachine' is obsolete: 'Use HybridAnimationController with NeuralAnimationController instead. See MIGRATION_GUIDE_PHASE46.md'

Assets\Scripts\Systems\Animation\Neural\PolicySelector.cs(1037,22): warning CS0618: 'ProceduralAnimStateMachine' is obsolete: 'Use HybridAnimationController with NeuralAnimationController instead. See MIGRATION_GUIDE_PHASE46.md'

Assets\Scripts\Systems\Animation\Neural\PolicySelector.cs(1038,22): warning CS0618: 'ProceduralAnimStateMachine' is obsolete: 'Use HybridAnimationController with NeuralAnimationController instead. See MIGRATION_GUIDE_PHASE46.md'

Assets\Scripts\Systems\Animation\Neural\Evaluation\ABTestFramework.cs(112,31): warning CS0618: 'Object.FindObjectsOfType<T>()' is obsolete: 'Object.FindObjectsOfType has been deprecated. Use Object.FindObjectsByType instead which lets you decide whether you need the results sorted or not.  FindObjectsOfType sorts the results by InstanceID but if you do not need this using FindObjectSortMode.None is considerably faster.'

Assets\Scripts\Systems\TestPlayerSetup.cs(85,44): warning CS0618: 'ProceduralAnimationController' is obsolete: 'Use HybridAnimationController with NeuralAnimationController instead. See MIGRATION_GUIDE_PHASE46.md'

Assets\Scripts\Systems\TestPlayerSetup.cs(88,44): warning CS0618: 'ProceduralAnimationController' is obsolete: 'Use HybridAnimationController with NeuralAnimationController instead. See MIGRATION_GUIDE_PHASE46.md'

Assets\Scripts\Systems\TestPlayerSetup.cs(92,33): warning CS0618: 'ProceduralAnimStateMachine' is obsolete: 'Use HybridAnimationController with NeuralAnimationController instead. See MIGRATION_GUIDE_PHASE46.md'

Assets\Scripts\Systems\TestPlayerSetup.cs(94,33): warning CS0618: 'ProceduralAnimStateMachine' is obsolete: 'Use HybridAnimationController with NeuralAnimationController instead. See MIGRATION_GUIDE_PHASE46.md'

Assets\Scripts\Systems\Combat\Damageable.cs(129,45): warning CS0618: 'ProceduralAnimStateMachine' is obsolete: 'Use HybridAnimationController with NeuralAnimationController instead. See MIGRATION_GUIDE_PHASE46.md'

Assets\Scripts\Systems\Combat\ProceduralAttack.cs(248,44): warning CS0618: 'ProceduralAnimationController' is obsolete: 'Use HybridAnimationController with NeuralAnimationController instead. See MIGRATION_GUIDE_PHASE46.md'

Assets\Scripts\Systems\Combat\Damageable.cs(140,45): warning CS0618: 'ProceduralAnimStateMachine' is obsolete: 'Use HybridAnimationController with NeuralAnimationController instead. See MIGRATION_GUIDE_PHASE46.md'

Assets\Scripts\Systems\Animation\Neural\HybridAnimationController.cs(249,54): warning CS0618: 'ProceduralAnimationController' is obsolete: 'Use HybridAnimationController with NeuralAnimationController instead. See MIGRATION_GUIDE_PHASE46.md'

Assets\Scripts\Systems\Animation\Neural\HybridAnimationController.cs(294,54): warning CS0618: 'ProceduralAnimationController' is obsolete: 'Use HybridAnimationController with NeuralAnimationController instead. See MIGRATION_GUIDE_PHASE46.md'

Assets\Scripts\Systems\Animation\Neural\MLRuntimeManager.cs(450,22): warning CS0219: The variable 'done' is assigned but its value is never used

Assets\Scripts\Systems\TestAllInOneSetup.cs(334,37): warning CS0618: 'ProceduralAnimStateMachine' is obsolete: 'Use HybridAnimationController with NeuralAnimationController instead. See MIGRATION_GUIDE_PHASE46.md'

Assets\Scripts\Systems\TestAllInOneSetup.cs(335,37): warning CS0618: 'ProceduralAnimStateMachine' is obsolete: 'Use HybridAnimationController with NeuralAnimationController instead. See MIGRATION_GUIDE_PHASE46.md'

Assets\Scripts\Systems\TestAllInOneSetup.cs(336,37): warning CS0618: 'ProceduralAnimationController' is obsolete: 'Use HybridAnimationController with NeuralAnimationController instead. See MIGRATION_GUIDE_PHASE46.md'

Assets\Scripts\Systems\TestAllInOneSetup.cs(337,37): warning CS0618: 'ProceduralAnimationController' is obsolete: 'Use HybridAnimationController with NeuralAnimationController instead. See MIGRATION_GUIDE_PHASE46.md'

Assets\Scripts\Systems\HerbPickup.cs(100,72): warning CS0618: 'ProceduralAnimationController' is obsolete: 'Use HybridAnimationController with NeuralAnimationController instead. See MIGRATION_GUIDE_PHASE46.md'

Assets\Scripts\Systems\HerbPickup.cs(105,68): warning CS0618: 'ProceduralAnimationController' is obsolete: 'Use HybridAnimationController with NeuralAnimationController instead. See MIGRATION_GUIDE_PHASE46.md'

Assets\Scripts\Systems\HumanoidClipDriver.cs(174,49): warning CS0618: 'ProceduralAnimationController' is obsolete: 'Use HybridAnimationController with NeuralAnimationController instead. See MIGRATION_GUIDE_PHASE46.md'

Assets\Scripts\Systems\TestAllInOneSetup.cs(840,37): warning CS0618: 'ProceduralLODManager' is obsolete: 'Use NeuralAnimationController with ONNX policies instead. See MIGRATION_GUIDE_PHASE46.md'

Assets\Scripts\Systems\TestAllInOneSetup.cs(843,36): warning CS0618: 'ProceduralLODManager' is obsolete: 'Use NeuralAnimationController with ONNX policies instead. See MIGRATION_GUIDE_PHASE46.md'

Assets\Scripts\Systems\LightShaftBillboard.cs(259,52): warning CS0618: 'FindObjectsSortMode' is obsolete: 'FindObjectsSortMode has been deprecated. Use the FindObjectsByType overloads that do not take a FindObjectsSortMode parameter.'

Assets\Scripts\Systems\LightShaftBillboard.cs(259,27): warning CS0618: 'Object.FindObjectsByType<T>(FindObjectsSortMode)' is obsolete: 'FindObjectsByType with FindObjectsSortMode parameter has been deprecated. Use FindObjectsByType<T>() or FindObjectsByType<T>(FindObjectsInactive) instead. InstanceID will be replaced in the future with EntityId and previous sort order cannot be maintained.'

Assets\Scripts\Systems\IdyllicDecoPlacer.cs(1613,23): warning CS0618: 'Object.GetInstanceID()' is obsolete: 'GetInstanceID is deprecated. Use GetEntityId instead. This will be removed in a future version.'

Assets\Scripts\Systems\TerritoryBuilder.cs(616,97): warning CS0618: 'FindObjectsSortMode' is obsolete: 'FindObjectsSortMode has been deprecated. Use the FindObjectsByType overloads that do not take a FindObjectsSortMode parameter.'

Assets\Scripts\Systems\TerritoryBuilder.cs(616,29): warning CS0618: 'Object.FindObjectsByType<T>(FindObjectsInactive, FindObjectsSortMode)' is obsolete: 'FindObjectsByType with FindObjectsSortMode parameter has been deprecated. Use FindObjectsByType<T>() or FindObjectsByType<T>(FindObjectsInactive) instead. InstanceID will be replaced in the future with EntityId and previous sort order cannot be maintained.'

Assets\Scripts\Systems\TerritoryBuilder.cs(619,91): warning CS0618: 'FindObjectsSortMode' is obsolete: 'FindObjectsSortMode has been deprecated. Use the FindObjectsByType overloads that do not take a FindObjectsSortMode parameter.'

Assets\Scripts\Systems\TerritoryBuilder.cs(619,26): warning CS0618: 'Object.FindObjectsByType<T>(FindObjectsInactive, FindObjectsSortMode)' is obsolete: 'FindObjectsByType with FindObjectsSortMode parameter has been deprecated. Use FindObjectsByType<T>() or FindObjectsByType<T>(FindObjectsInactive) instead. InstanceID will be replaced in the future with EntityId and previous sort order cannot be maintained.'

Assets\Scripts\Systems\TerritoryBuilder.cs(623,88): warning CS0618: 'FindObjectsSortMode' is obsolete: 'FindObjectsSortMode has been deprecated. Use the FindObjectsByType overloads that do not take a FindObjectsSortMode parameter.'

Assets\Scripts\Systems\TerritoryBuilder.cs(623,30): warning CS0618: 'Object.FindObjectsByType<T>(FindObjectsInactive, FindObjectsSortMode)' is obsolete: 'FindObjectsByType with FindObjectsSortMode parameter has been deprecated. Use FindObjectsByType<T>() or FindObjectsByType<T>(FindObjectsInactive) instead. InstanceID will be replaced in the future with EntityId and previous sort order cannot be maintained.'

Assets\Scripts\Systems\MountSystem.cs(441,83): warning CS0618: 'ProceduralAnimationController' is obsolete: 'Use HybridAnimationController with NeuralAnimationController instead. See MIGRATION_GUIDE_PHASE46.md'

Assets\Scripts\Systems\MountSystem.cs(495,83): warning CS0618: 'ProceduralAnimationController' is obsolete: 'Use HybridAnimationController with NeuralAnimationController instead. See MIGRATION_GUIDE_PHASE46.md'

Assets\Scripts\Systems\MountSystem.cs(503,83): warning CS0618: 'ProceduralAnimationController' is obsolete: 'Use HybridAnimationController with NeuralAnimationController instead. See MIGRATION_GUIDE_PHASE46.md'

Assets\Scripts\Systems\MountSystem.cs(561,83): warning CS0618: 'ProceduralAnimationController' is obsolete: 'Use HybridAnimationController with NeuralAnimationController instead. See MIGRATION_GUIDE_PHASE46.md'

Assets\Scripts\Systems\MountSystem.cs(569,83): warning CS0618: 'ProceduralAnimationController' is obsolete: 'Use HybridAnimationController with NeuralAnimationController instead. See MIGRATION_GUIDE_PHASE46.md'

Assets\Scripts\Systems\PlayerCombat.cs(73,54): warning CS0618: 'ProceduralAnimationController' is obsolete: 'Use HybridAnimationController with NeuralAnimationController instead. See MIGRATION_GUIDE_PHASE46.md'

Assets\Scripts\Systems\PlayerCombat.cs(78,58): warning CS0618: 'ProceduralAnimationController' is obsolete: 'Use HybridAnimationController with NeuralAnimationController instead. See MIGRATION_GUIDE_PHASE46.md'

Assets\Scripts\Systems\PlayerMovement.cs(186,41): warning CS0618: 'Object.FindFirstObjectByType<T>()' is obsolete: 'FindFirstObjectByType has been deprecated because it relies on instance ID ordering. Use FindAnyObjectByType instead, which does not depend on ordering.'

Assets\Scripts\Systems\PlayerMovement.cs(215,62): warning CS0618: 'ProceduralAnimationController' is obsolete: 'Use HybridAnimationController with NeuralAnimationController instead. See MIGRATION_GUIDE_PHASE46.md'

Assets\Scripts\Systems\PlayerMovement.cs(220,66): warning CS0618: 'ProceduralAnimationController' is obsolete: 'Use HybridAnimationController with NeuralAnimationController instead. See MIGRATION_GUIDE_PHASE46.md'

Assets\Scripts\Systems\TerrainTextureApplier.cs(209,70): warning CS0618: 'FindObjectsSortMode' is obsolete: 'FindObjectsSortMode has been deprecated. Use the FindObjectsByType overloads that do not take a FindObjectsSortMode parameter.'

Assets\Scripts\Systems\TerrainTextureApplier.cs(209,31): warning CS0618: 'Object.FindObjectsByType<T>(FindObjectsSortMode)' is obsolete: 'FindObjectsByType with FindObjectsSortMode parameter has been deprecated. Use FindObjectsByType<T>() or FindObjectsByType<T>(FindObjectsInactive) instead. InstanceID will be replaced in the future with EntityId and previous sort order cannot be maintained.'

Assets\Scripts\Systems\SoldierIdlePose.cs(115,52): warning CS0618: 'Object.GetInstanceID()' is obsolete: 'GetInstanceID is deprecated. Use GetEntityId instead. This will be removed in a future version.'

Assets\Scripts\Systems\TerrainPathGenerator.cs(320,19): warning CS0219: The variable 'halfW2' is assigned but its value is never used

Assets\Scripts\Systems\TestTerritorySetup.cs(31,40): warning CS0414: The field 'TestTerritorySetup._defaultPitch' is assigned but its value is never used

Assets\Scripts\Systems\TestCombatSetup.cs(18,40): warning CS0414: The field 'TestCombatSetup._walkSpeed' is assigned but its value is never used

Assets\Scripts\Systems\QuadrupedProceduralLocomotion.cs(27,40): warning CS0414: The field 'QuadrupedProceduralLocomotion._trotSpeed' is assigned but its value is never used

Assets\Scripts\Systems\QuadrupedPoseController.cs(24,55): warning CS0414: The field 'QuadrupedPoseController._stepPhaseOffset' is assigned but its value is never used

Assets\Scripts\Systems\Animation\Neural\ModelManagement\AvatarFineTuningConfig.cs(16,47): warning CS0414: The field 'AvatarFineTuningConfig._defenseBias' is assigned but its value is never used

Assets\Scripts\Systems\TestCraftSetup.cs(27,40): warning CS0414: The field 'TestCraftSetup._runSpeed' is assigned but its value is never used

Assets\Scripts\Systems\TestAllInOneSetup.cs(29,40): warning CS0414: The field 'TestAllInOneSetup._walkSpeed' is assigned but its value is never used

Assets\Scripts\Systems\QuadrupedProceduralLocomotion.cs(26,40): warning CS0414: The field 'QuadrupedProceduralLocomotion._walkSpeed' is assigned but its value is never used

Assets\Scripts\Systems\Animation\Neural\HybridAnimationController.cs(58,31): warning CS0414: The field 'HybridAnimationController._useLODManager' is assigned but its value is never used

Assets\Scripts\Systems\Animation\Procedural\ProceduralAnimationController.cs(65,47): warning CS0414: The field 'ProceduralAnimationController.armSwingAmount' is assigned but its value is never used

Assets\Scripts\Systems\QuadrupedProceduralLocomotion.cs(28,40): warning CS0414: The field 'QuadrupedProceduralLocomotion._paceSpeed' is assigned but its value is never used

Assets\Scripts\Systems\TestPlayerSetup.cs(25,36): warning CS0414: The field 'TestPlayerSetup._orbitRadius' is assigned but its value is never used

Assets\Scripts\Systems\Animation\Neural\ModelManagement\AvatarFineTuningConfig.cs(15,47): warning CS0414: The field 'AvatarFineTuningConfig._aggressionBias' is assigned but its value is never used

Assets\Scripts\Systems\Animation\Procedural\ProceduralAnimationController.cs(66,47): warning CS0414: The field 'ProceduralAnimationController.headStabilization' is assigned but its value is never used

Assets\Scripts\Systems\Animation\Procedural\ProceduralAnimationController.cs(179,14): warning CS0414: The field 'ProceduralAnimationController._lodSpineWaveEnabled' is assigned but its value is never used

Assets\Scripts\Systems\TestAllInOneSetup.cs(34,40): warning CS0414: The field 'TestAllInOneSetup._orbitRadius' is assigned but its value is never used

Assets\Scripts\Systems\QuadrupedProceduralAnimation.cs(43,40): warning CS0414: The field 'QuadrupedProceduralAnimation._stepHeight' is assigned but its value is never used

Assets\Scripts\Systems\Animation\Neural\ModelManagement\AvatarFineTuningConfig.cs(17,47): warning CS0414: The field 'AvatarFineTuningConfig._evasionBias' is assigned but its value is never used

Assets\Scripts\Systems\TestAllInOneSetup.cs(31,40): warning CS0414: The field 'TestAllInOneSetup._jumpHeight' is assigned but its value is never used

Assets\Scripts\Systems\TestAllInOneSetup.cs(30,40): warning CS0414: The field 'TestAllInOneSetup._runSpeed' is assigned but its value is never used

Assets\Scripts\Systems\QuadrupedProceduralAnimation.cs(24,40): warning CS0414: The field 'QuadrupedProceduralAnimation._walkSpeed' is assigned but its value is never used

Assets\Scripts\Systems\Animation\Procedural\SpecialCreatureAnimator.cs(23,32): warning CS0414: The field 'SpecialCreatureAnimator._turnSpeed' is assigned but its value is never used

Assets\Scripts\Systems\QuadrupedProceduralAnimation.cs(26,40): warning CS0414: The field 'QuadrupedProceduralAnimation._paceSpeed' is assigned but its value is never used

Assets\Scripts\Systems\Animation\Procedural\LOD\ProceduralLODSystem.cs(137,31): warning CS0414: The field 'ProceduralLODManager._enableFrustumCulling' is assigned but its value is never used

Assets\Scripts\Systems\TestCombatSetup.cs(15,38): warning CS0414: The field 'TestCombatSetup._monsterCount' is assigned but its value is never used

Assets\Scripts\Systems\TestCraftSetup.cs(30,40): warning CS0414: The field 'TestCraftSetup._orbitRadius' is assigned but its value is never used

Assets\Scripts\Systems\TestCraftSetup.cs(31,40): warning CS0414: The field 'TestCraftSetup._defaultPitch' is assigned but its value is never used

Assets\Scripts\Systems\QuadrupedProceduralLocomotion.cs(33,40): warning CS0414: The field 'QuadrupedProceduralLocomotion._dutyCycle' is assigned but its value is never used

Assets\Scripts\Systems\TestTerritorySetup.cs(26,40): warning CS0414: The field 'TestTerritorySetup._walkSpeed' is assigned but its value is never used

Assets\Scripts\Systems\TemperatureSystem.cs(17,40): warning CS0414: The field 'TemperatureSystem._changeRate' is assigned but its value is never used

Assets\Scripts\Systems\TestCombatSetup.cs(19,40): warning CS0414: The field 'TestCombatSetup._runSpeed' is assigned but its value is never used

Assets\Scripts\Systems\QuadrupedProceduralAnimation.cs(44,40): warning CS0414: The field 'QuadrupedProceduralAnimation._dutyCycle' is assigned but its value is never used

Assets\Scripts\Systems\Animation\Neural\HybridAnimationController.cs(63,47): warning CS0414: The field 'HybridAnimationController._rootMotionProceduralWeight' is assigned but its value is never used

Assets\Scripts\Systems\TestTerritorySetup.cs(30,40): warning CS0414: The field 'TestTerritorySetup._orbitRadius' is assigned but its value is never used

Assets\Scripts\Systems\TestCraftSetup.cs(26,40): warning CS0414: The field 'TestCraftSetup._walkSpeed' is assigned but its value is never used

Assets\Scripts\Systems\TestTerritorySetup.cs(27,40): warning CS0414: The field 'TestTerritorySetup._runSpeed' is assigned but its value is never used

Assets\Scripts\Systems\TestAllInOneSetup.cs(35,40): warning CS0414: The field 'TestAllInOneSetup._defaultPitch' is assigned but its value is never used

Assets\Scripts\Systems\Animation\Procedural\SpecialCreatureAnimator.cs(22,32): warning CS0414: The field 'SpecialCreatureAnimator._moveSpeed' is assigned but its value is never used

Assets\Scripts\Systems\TestPlayerSetup.cs(26,36): warning CS0414: The field 'TestPlayerSetup._defaultPitch' is assigned but its value is never used

Assets\Scripts\Systems\QuadrupedProceduralAnimation.cs(92,23): warning CS0414: The field 'QuadrupedProceduralAnimation._actionTimer' is assigned but its value is never used

Assets\Scripts\Systems\QuadrupedProceduralAnimation.cs(38,55): warning CS0414: The field 'QuadrupedProceduralAnimation._spineIKWeight' is assigned but its value is never used
[1388/1401  2s] Csc Library/Bee/artifacts/1900b0aE.dag/Assembly-CSharp-Editor.dll (+2 others)
Assets\Editor\FixMainScene.cs(5,7): warning CS0105: The using directive for 'UnityEngine.SceneManagement' appeared previously in this namespace

Assets\Editor\DayNightCycleReferenceFixer.cs(24,19): warning CS0618: 'Object.FindFirstObjectByType<T>()' is obsolete: 'FindFirstObjectByType has been deprecated because it relies on instance ID ordering. Use FindAnyObjectByType instead, which does not depend on ordering.'

Assets\Editor\CapturePlayFrame.cs(19,57): warning CS0618: 'FindObjectsSortMode' is obsolete: 'FindObjectsSortMode has been deprecated. Use the FindObjectsByType overloads that do not take a FindObjectsSortMode parameter.'

Assets\Editor\CapturePlayFrame.cs(19,24): warning CS0618: 'Object.FindObjectsByType<T>(FindObjectsSortMode)' is obsolete: 'FindObjectsByType with FindObjectsSortMode parameter has been deprecated. Use FindObjectsByType<T>() or FindObjectsByType<T>(FindObjectsInactive) instead. InstanceID will be replaced in the future with EntityId and previous sort order cannot be maintained.'

Assets\Editor\DeepDiagnoseScene.cs(193,26): warning CS0618: 'Object.FindFirstObjectByType<T>()' is obsolete: 'FindFirstObjectByType has been deprecated because it relies on instance ID ordering. Use FindAnyObjectByType instead, which does not depend on ordering.'

Assets\Editor\DiagnoseTerrain.cs(19,59): warning CS0618: 'FindObjectsSortMode' is obsolete: 'FindObjectsSortMode has been deprecated. Use the FindObjectsByType overloads that do not take a FindObjectsSortMode parameter.'

Assets\Editor\DiagnoseTerrain.cs(19,27): warning CS0618: 'Object.FindObjectsByType<T>(FindObjectsSortMode)' is obsolete: 'FindObjectsByType with FindObjectsSortMode parameter has been deprecated. Use FindObjectsByType<T>() or FindObjectsByType<T>(FindObjectsInactive) instead. InstanceID will be replaced in the future with EntityId and previous sort order cannot be maintained.'

Assets\Editor\DeepDiagnoseScene.cs(454,21): warning CS0618: 'Object.FindFirstObjectByType<T>()' is obsolete: 'FindFirstObjectByType has been deprecated because it relies on instance ID ordering. Use FindAnyObjectByType instead, which does not depend on ordering.'

Assets\Editor\FixAllCriticalIssues.cs(207,27): warning CS0618: 'Object.FindFirstObjectByType<T>()' is obsolete: 'FindFirstObjectByType has been deprecated because it relies on instance ID ordering. Use FindAnyObjectByType instead, which does not depend on ordering.'

Assets\Editor\FixAllCriticalIssues.cs(216,32): warning CS0618: 'Object.FindFirstObjectByType<T>()' is obsolete: 'FindFirstObjectByType has been deprecated because it relies on instance ID ordering. Use FindAnyObjectByType instead, which does not depend on ordering.'

Assets\Editor\FixAllCriticalIssues.cs(225,28): warning CS0618: 'Object.FindFirstObjectByType<T>()' is obsolete: 'FindFirstObjectByType has been deprecated because it relies on instance ID ordering. Use FindAnyObjectByType instead, which does not depend on ordering.'

Assets\Editor\FixAllCriticalIssues.cs(242,25): warning CS0618: 'Object.FindFirstObjectByType<T>()' is obsolete: 'FindFirstObjectByType has been deprecated because it relies on instance ID ordering. Use FindAnyObjectByType instead, which does not depend on ordering.'

Assets\Editor\FixFinal_Complete.cs(86,44): warning CS0618: 'CinemachineCollider' is obsolete: 'CinemachineCollider has been deprecated. Use CinemachineDeoccluder instead'

Assets\Editor\FixFinal_Complete.cs(87,62): warning CS0618: 'CinemachineCollider' is obsolete: 'CinemachineCollider has been deprecated. Use CinemachineDeoccluder instead'

Assets\Editor\FixFinal_Complete.cs(93,32): warning CS0618: 'CinemachineCollider' is obsolete: 'CinemachineCollider has been deprecated. Use CinemachineDeoccluder instead'

Assets\Editor\FixPhase1_Terrain.cs(51,26): warning CS0618: 'Object.FindFirstObjectByType<T>()' is obsolete: 'FindFirstObjectByType has been deprecated because it relies on instance ID ordering. Use FindAnyObjectByType instead, which does not depend on ordering.'

Assets\Editor\FixPhase4_Camera.cs(106,44): warning CS0618: 'CinemachineCollider' is obsolete: 'CinemachineCollider has been deprecated. Use CinemachineDeoccluder instead'

Assets\Editor\FixPhase4_Camera.cs(107,62): warning CS0618: 'CinemachineCollider' is obsolete: 'CinemachineCollider has been deprecated. Use CinemachineDeoccluder instead'

Assets\Editor\FixPhase4_Camera.cs(113,32): warning CS0618: 'CinemachineCollider' is obsolete: 'CinemachineCollider has been deprecated. Use CinemachineDeoccluder instead'

Assets\Editor\GroundDiagRunner.cs(19,25): warning CS0618: 'Object.FindObjectsOfType<T>()' is obsolete: 'Object.FindObjectsOfType has been deprecated. Use Object.FindObjectsByType instead which lets you decide whether you need the results sorted or not.  FindObjectsOfType sorts the results by InstanceID but if you do not need this using FindObjectSortMode.None is considerably faster.'

Assets\Editor\FixMainScene.cs(939,19): warning CS0618: 'Object.FindFirstObjectByType<T>()' is obsolete: 'FindFirstObjectByType has been deprecated because it relies on instance ID ordering. Use FindAnyObjectByType instead, which does not depend on ordering.'
[1389/1401  2s] ILPostProcess Library/Bee/artifacts/1900b0aE.dag/post-processed/Assembly-CSharp.dll (+pdb)
Processing assembly Library/Bee/artifacts/1900b0aE.dag/Assembly-CSharp.dll, with 144 defines and 355 references

processors: Unity.Jobs.CodeGen.JobsILPostProcessor, zzzUnity.Burst.CodeGen.BurstILPostProcessor

running Unity.Jobs.CodeGen.JobsILPostProcessor

running zzzUnity.Burst.CodeGen.BurstILPostProcessor
[1390/1401  2s] ILPostProcess Library/Bee/artifacts/1900b0aE.dag/post-processed/ProjectName.UI.dll (+pdb)
Processing assembly Library/Bee/artifacts/1900b0aE.dag/ProjectName.UI.dll, with 144 defines and 286 references

processors: Unity.Jobs.CodeGen.JobsILPostProcessor, zzzUnity.Burst.CodeGen.BurstILPostProcessor

running Unity.Jobs.CodeGen.JobsILPostProcessor

running zzzUnity.Burst.CodeGen.BurstILPostProcessor
[1395/1401  2s] ILPostProcess Library/Bee/artifacts/1900b0aE.dag/post-processed/ProjectName.Systems.dll (+pdb)
Processing assembly Library/Bee/artifacts/1900b0aE.dag/ProjectName.Systems.dll, with 144 defines and 286 references

processors: Unity.Jobs.CodeGen.JobsILPostProcessor, zzzUnity.Burst.CodeGen.BurstILPostProcessor

running Unity.Jobs.CodeGen.JobsILPostProcessor

running zzzUnity.Burst.CodeGen.BurstILPostProcessor
[1396/1401  0s] CopyFiles Library/ScriptAssemblies/ProjectName.Systems.pdb
[1397/1401  0s] CopyFiles Library/ScriptAssemblies/ProjectName.Systems.dll
[1398/1401  0s] ILPostProcess Library/Bee/artifacts/1900b0aE.dag/post-processed/Assembly-CSharp-Editor.dll (+pdb)
Processing assembly Library/Bee/artifacts/1900b0aE.dag/Assembly-CSharp-Editor.dll, with 142 defines and 381 references

processors: Unity.Jobs.CodeGen.JobsILPostProcessor, zzzUnity.Burst.CodeGen.BurstILPostProcessor

running Unity.Jobs.CodeGen.JobsILPostProcessor

running zzzUnity.Burst.CodeGen.BurstILPostProcessor
[1399/1401  0s] CopyFiles Library/ScriptAssemblies/Assembly-CSharp-Editor.pdb
[1400/1401  0s] CopyFiles Library/ScriptAssemblies/Assembly-CSharp-Editor.dll
*** Tundra build success (16.11 seconds), 11 items updated, 1401 evaluated
Assets\Scripts\Systems\Animation\ModelAnimatorAssigner.cs(251,16): warning CS0618: 'ProceduralAnimationController' is obsolete: 'Use HybridAnimationController with NeuralAnimationController instead. See MIGRATION_GUIDE_PHASE46.md'
Assets\Scripts\Systems\Animation\ModelAnimatorAssigner.cs(32,9): warning CS0618: 'ProceduralAnimationController' is obsolete: 'Use HybridAnimationController with NeuralAnimationController instead. See MIGRATION_GUIDE_PHASE46.md'
Assets\Scripts\Systems\Animation\Procedural\Debug\ProceduralAnimDebugger.cs(67,37): warning CS0618: 'ProceduralAnimationController' is obsolete: 'Use HybridAnimationController with NeuralAnimationController instead. See MIGRATION_GUIDE_PHASE46.md'
Assets\Scripts\Systems\Animation\Procedural\Debug\ProceduralAnimDebugger.cs(293,38): warning CS0618: 'ProceduralAnimationController' is obsolete: 'Use HybridAnimationController with NeuralAnimationController instead. See MIGRATION_GUIDE_PHASE46.md'
Assets\Scripts\Systems\Animation\Procedural\Debug\ProceduralAnimDebugger.cs(429,35): warning CS0618: 'ProceduralAnimationController' is obsolete: 'Use HybridAnimationController with NeuralAnimationController instead. See MIGRATION_GUIDE_PHASE46.md'
Assets\Scripts\Systems\Animation\Procedural\Debug\ProceduralAnimDebugger.cs(502,40): warning CS0618: 'ProceduralAnimationController' is obsolete: 'Use HybridAnimationController with NeuralAnimationController instead. See MIGRATION_GUIDE_PHASE46.md'
Assets\Scripts\Systems\Animation\Procedural\Debug\ProceduralAnimDebugger.cs(596,35): warning CS0618: 'ProceduralAnimationController' is obsolete: 'Use HybridAnimationController with NeuralAnimationController instead. See MIGRATION_GUIDE_PHASE46.md'
Assets\Scripts\Systems\Animation\Procedural\Debug\ProceduralAnimDebugger.cs(688,37): warning CS0618: 'ProceduralAnimationController' is obsolete: 'Use HybridAnimationController with NeuralAnimationController instead. See MIGRATION_GUIDE_PHASE46.md'
Assets\Scripts\Systems\Animation\Procedural\Debug\ProceduralAnimDebugger.cs(801,36): warning CS0618: 'ProceduralAnimationController' is obsolete: 'Use HybridAnimationController with NeuralAnimationController instead. See MIGRATION_GUIDE_PHASE46.md'
Assets\Scripts\Systems\Animation\Procedural\Debug\ProceduralAnimDebugger.cs(819,40): warning CS0618: 'ProceduralAnimationController' is obsolete: 'Use HybridAnimationController with NeuralAnimationController instead. See MIGRATION_GUIDE_PHASE46.md'
Assets\Scripts\Systems\Animation\Procedural\Debug\ProceduralAnimDebugger.cs(873,37): warning CS0618: 'ProceduralAnimationController' is obsolete: 'Use HybridAnimationController with NeuralAnimationController instead. See MIGRATION_GUIDE_PHASE46.md'
Assets\Scripts\Systems\Animation\Procedural\Debug\ProceduralAnimDebugger.cs(880,39): warning CS0618: 'ProceduralAnimationController' is obsolete: 'Use HybridAnimationController with NeuralAnimationController instead. See MIGRATION_GUIDE_PHASE46.md'
Assets\Scripts\Systems\Animation\Procedural\Debug\ProceduralAnimDebugger.cs(895,41): warning CS0618: 'ProceduralAnimationController' is obsolete: 'Use HybridAnimationController with NeuralAnimationController instead. See MIGRATION_GUIDE_PHASE46.md'
Assets\Scripts\Systems\Animation\Procedural\Debug\ProceduralAnimDebugger.cs(919,20): warning CS0618: 'ProceduralAnimationController' is obsolete: 'Use HybridAnimationController with NeuralAnimationController instead. See MIGRATION_GUIDE_PHASE46.md'
Assets\Scripts\Systems\HerbPickup.cs(48,17): warning CS0618: 'ProceduralAnimationController' is obsolete: 'Use HybridAnimationController with NeuralAnimationController instead. See MIGRATION_GUIDE_PHASE46.md'
Assets\Scripts\Systems\PlayerCombat.cs(35,17): warning CS0618: 'ProceduralAnimationController' is obsolete: 'Use HybridAnimationController with NeuralAnimationController instead. See MIGRATION_GUIDE_PHASE46.md'
Assets\Scripts\Systems\PlayerMovement.cs(142,17): warning CS0618: 'ProceduralAnimationController' is obsolete: 'Use HybridAnimationController with NeuralAnimationController instead. See MIGRATION_GUIDE_PHASE46.md'
Assets\Scripts\Systems\Animation\Neural\HybridAnimationController.cs(790,16): warning CS0618: 'ProceduralAnimationController' is obsolete: 'Use HybridAnimationController with NeuralAnimationController instead. See MIGRATION_GUIDE_PHASE46.md'
Assets\Scripts\Systems\Animation\Neural\HybridAnimationController.cs(27,26): warning CS0618: 'ProceduralAnimationController' is obsolete: 'Use HybridAnimationController with NeuralAnimationController instead. See MIGRATION_GUIDE_PHASE46.md'
Assets\Scripts\Systems\Animation\Neural\PolicySelector.cs(1025,72): warning CS0618: 'ProceduralAnimStateMachine' is obsolete: 'Use HybridAnimationController with NeuralAnimationController instead. See MIGRATION_GUIDE_PHASE46.md'
Assets\Scripts\Systems\Combat\ProceduralAttack.cs(204,34): warning CS0618: 'ProceduralAnimationController' is obsolete: 'Use HybridAnimationController with NeuralAnimationController instead. See MIGRATION_GUIDE_PHASE46.md'
Assets\Scripts\Systems\Animation\Procedural\ParentVelocityProvider.cs(10,30): warning CS0618: 'ProceduralAnimationController' is obsolete: 'Use HybridAnimationController with NeuralAnimationController instead. See MIGRATION_GUIDE_PHASE46.md'
Assets\Scripts\Systems\CinemachineCameraBinder.cs(150,41): warning CS0252: Possible unintended reference comparison; to get a value comparison, cast the left hand side to type 'Object'
Assets\Scripts\Systems\Animation\ModelAnimatorAssigner.cs(104,44): warning CS0618: 'ProceduralAnimationController' is obsolete: 'Use HybridAnimationController with NeuralAnimationController instead. See MIGRATION_GUIDE_PHASE46.md'
Assets\Scripts\Systems\Animation\ModelAnimatorAssigner.cs(107,59): warning CS0618: 'ProceduralAnimationController' is obsolete: 'Use HybridAnimationController with NeuralAnimationController instead. See MIGRATION_GUIDE_PHASE46.md'
Assets\Scripts\Systems\Animation\Neural\ProgressiveRolloutManager.cs(163,31): warning CS0618: 'Object.FindObjectsOfType<T>()' is obsolete: 'Object.FindObjectsOfType has been deprecated. Use Object.FindObjectsByType instead which lets you decide whether you need the results sorted or not.  FindObjectsOfType sorts the results by InstanceID but if you do not need this using FindObjectSortMode.None is considerably faster.'
Assets\Scripts\Systems\Animation\Neural\PolicySelector.cs(1029,22): warning CS0618: 'ProceduralAnimStateMachine' is obsolete: 'Use HybridAnimationController with NeuralAnimationController instead. See MIGRATION_GUIDE_PHASE46.md'
Assets\Scripts\Systems\Animation\Neural\PolicySelector.cs(1030,22): warning CS0618: 'ProceduralAnimStateMachine' is obsolete: 'Use HybridAnimationController with NeuralAnimationController instead. See MIGRATION_GUIDE_PHASE46.md'
Assets\Scripts\Systems\Animation\Neural\PolicySelector.cs(1031,22): warning CS0618: 'ProceduralAnimStateMachine' is obsolete: 'Use HybridAnimationController with NeuralAnimationController instead. See MIGRATION_GUIDE_PHASE46.md'
Assets\Scripts\Systems\Animation\Neural\PolicySelector.cs(1032,22): warning CS0618: 'ProceduralAnimStateMachine' is obsolete: 'Use HybridAnimationController with NeuralAnimationController instead. See MIGRATION_GUIDE_PHASE46.md'
Assets\Scripts\Systems\Animation\Neural\PolicySelector.cs(1033,22): warning CS0618: 'ProceduralAnimStateMachine' is obsolete: 'Use HybridAnimationController with NeuralAnimationController instead. See MIGRATION_GUIDE_PHASE46.md'
Assets\Scripts\Systems\Animation\Neural\PolicySelector.cs(1034,22): warning CS0618: 'ProceduralAnimStateMachine' is obsolete: 'Use HybridAnimationController with NeuralAnimationController instead. See MIGRATION_GUIDE_PHASE46.md'
Assets\Scripts\Systems\Animation\Neural\PolicySelector.cs(1035,22): warning CS0618: 'ProceduralAnimStateMachine' is obsolete: 'Use HybridAnimationController with NeuralAnimationController instead. See MIGRATION_GUIDE_PHASE46.md'
Assets\Scripts\Systems\Animation\Neural\PolicySelector.cs(1036,22): warning CS0618: 'ProceduralAnimStateMachine' is obsolete: 'Use HybridAnimationController with NeuralAnimationController instead. See MIGRATION_GUIDE_PHASE46.md'
Assets\Scripts\Systems\Animation\Neural\PolicySelector.cs(1037,22): warning CS0618: 'ProceduralAnimStateMachine' is obsolete: 'Use HybridAnimationController with NeuralAnimationController instead. See MIGRATION_GUIDE_PHASE46.md'
Assets\Scripts\Systems\Animation\Neural\PolicySelector.cs(1038,22): warning CS0618: 'ProceduralAnimStateMachine' is obsolete: 'Use HybridAnimationController with NeuralAnimationController instead. See MIGRATION_GUIDE_PHASE46.md'
Assets\Scripts\Systems\Animation\Neural\Evaluation\ABTestFramework.cs(112,31): warning CS0618: 'Object.FindObjectsOfType<T>()' is obsolete: 'Object.FindObjectsOfType has been deprecated. Use Object.FindObjectsByType instead which lets you decide whether you need the results sorted or not.  FindObjectsOfType sorts the results by InstanceID but if you do not need this using FindObjectSortMode.None is considerably faster.'
Assets\Scripts\Systems\TestPlayerSetup.cs(85,44): warning CS0618: 'ProceduralAnimationController' is obsolete: 'Use HybridAnimationController with NeuralAnimationController instead. See MIGRATION_GUIDE_PHASE46.md'
Assets\Scripts\Systems\TestPlayerSetup.cs(88,44): warning CS0618: 'ProceduralAnimationController' is obsolete: 'Use HybridAnimationController with NeuralAnimationController instead. See MIGRATION_GUIDE_PHASE46.md'
Assets\Scripts\Systems\TestPlayerSetup.cs(92,33): warning CS0618: 'ProceduralAnimStateMachine' is obsolete: 'Use HybridAnimationController with NeuralAnimationController instead. See MIGRATION_GUIDE_PHASE46.md'
Assets\Scripts\Systems\TestPlayerSetup.cs(94,33): warning CS0618: 'ProceduralAnimStateMachine' is obsolete: 'Use HybridAnimationController with NeuralAnimationController instead. See MIGRATION_GUIDE_PHASE46.md'
Assets\Scripts\Systems\Combat\Damageable.cs(129,45): warning CS0618: 'ProceduralAnimStateMachine' is obsolete: 'Use HybridAnimationController with NeuralAnimationController instead. See MIGRATION_GUIDE_PHASE46.md'
Assets\Scripts\Systems\Combat\ProceduralAttack.cs(248,44): warning CS0618: 'ProceduralAnimationController' is obsolete: 'Use HybridAnimationController with NeuralAnimationController instead. See MIGRATION_GUIDE_PHASE46.md'
Assets\Scripts\Systems\Combat\Damageable.cs(140,45): warning CS0618: 'ProceduralAnimStateMachine' is obsolete: 'Use HybridAnimationController with NeuralAnimationController instead. See MIGRATION_GUIDE_PHASE46.md'
Assets\Scripts\Systems\Animation\Neural\HybridAnimationController.cs(249,54): warning CS0618: 'ProceduralAnimationController' is obsolete: 'Use HybridAnimationController with NeuralAnimationController instead. See MIGRATION_GUIDE_PHASE46.md'
Assets\Scripts\Systems\Animation\Neural\HybridAnimationController.cs(294,54): warning CS0618: 'ProceduralAnimationController' is obsolete: 'Use HybridAnimationController with NeuralAnimationController instead. See MIGRATION_GUIDE_PHASE46.md'
Assets\Scripts\Systems\Animation\Neural\MLRuntimeManager.cs(450,22): warning CS0219: The variable 'done' is assigned but its value is never used
Assets\Scripts\Systems\TestAllInOneSetup.cs(334,37): warning CS0618: 'ProceduralAnimStateMachine' is obsolete: 'Use HybridAnimationController with NeuralAnimationController instead. See MIGRATION_GUIDE_PHASE46.md'
Assets\Scripts\Systems\TestAllInOneSetup.cs(335,37): warning CS0618: 'ProceduralAnimStateMachine' is obsolete: 'Use HybridAnimationController with NeuralAnimationController instead. See MIGRATION_GUIDE_PHASE46.md'
Assets\Scripts\Systems\TestAllInOneSetup.cs(336,37): warning CS0618: 'ProceduralAnimationController' is obsolete: 'Use HybridAnimationController with NeuralAnimationController instead. See MIGRATION_GUIDE_PHASE46.md'
Assets\Scripts\Systems\TestAllInOneSetup.cs(337,37): warning CS0618: 'ProceduralAnimationController' is obsolete: 'Use HybridAnimationController with NeuralAnimationController instead. See MIGRATION_GUIDE_PHASE46.md'
Assets\Scripts\Systems\HerbPickup.cs(100,72): warning CS0618: 'ProceduralAnimationController' is obsolete: 'Use HybridAnimationController with NeuralAnimationController instead. See MIGRATION_GUIDE_PHASE46.md'
Assets\Scripts\Systems\HerbPickup.cs(105,68): warning CS0618: 'ProceduralAnimationController' is obsolete: 'Use HybridAnimationController with NeuralAnimationController instead. See MIGRATION_GUIDE_PHASE46.md'
Assets\Scripts\Systems\HumanoidClipDriver.cs(174,49): warning CS0618: 'ProceduralAnimationController' is obsolete: 'Use HybridAnimationController with NeuralAnimationController instead. See MIGRATION_GUIDE_PHASE46.md'
Assets\Scripts\Systems\TestAllInOneSetup.cs(840,37): warning CS0618: 'ProceduralLODManager' is obsolete: 'Use NeuralAnimationController with ONNX policies instead. See MIGRATION_GUIDE_PHASE46.md'
Assets\Scripts\Systems\TestAllInOneSetup.cs(843,36): warning CS0618: 'ProceduralLODManager' is obsolete: 'Use NeuralAnimationController with ONNX policies instead. See MIGRATION_GUIDE_PHASE46.md'
Assets\Scripts\Systems\LightShaftBillboard.cs(259,52): warning CS0618: 'FindObjectsSortMode' is obsolete: 'FindObjectsSortMode has been deprecated. Use the FindObjectsByType overloads that do not take a FindObjectsSortMode parameter.'
Assets\Scripts\Systems\LightShaftBillboard.cs(259,27): warning CS0618: 'Object.FindObjectsByType<T>(FindObjectsSortMode)' is obsolete: 'FindObjectsByType with FindObjectsSortMode parameter has been deprecated. Use FindObjectsByType<T>() or FindObjectsByType<T>(FindObjectsInactive) instead. InstanceID will be replaced in the future with EntityId and previous sort order cannot be maintained.'
Assets\Scripts\Systems\IdyllicDecoPlacer.cs(1613,23): warning CS0618: 'Object.GetInstanceID()' is obsolete: 'GetInstanceID is deprecated. Use GetEntityId instead. This will be removed in a future version.'
Assets\Scripts\Systems\TerritoryBuilder.cs(616,97): warning CS0618: 'FindObjectsSortMode' is obsolete: 'FindObjectsSortMode has been deprecated. Use the FindObjectsByType overloads that do not take a FindObjectsSortMode parameter.'
Assets\Scripts\Systems\TerritoryBuilder.cs(616,29): warning CS0618: 'Object.FindObjectsByType<T>(FindObjectsInactive, FindObjectsSortMode)' is obsolete: 'FindObjectsByType with FindObjectsSortMode parameter has been deprecated. Use FindObjectsByType<T>() or FindObjectsByType<T>(FindObjectsInactive) instead. InstanceID will be replaced in the future with EntityId and previous sort order cannot be maintained.'
Assets\Scripts\Systems\TerritoryBuilder.cs(619,91): warning CS0618: 'FindObjectsSortMode' is obsolete: 'FindObjectsSortMode has been deprecated. Use the FindObjectsByType overloads that do not take a FindObjectsSortMode parameter.'
Assets\Scripts\Systems\TerritoryBuilder.cs(619,26): warning CS0618: 'Object.FindObjectsByType<T>(FindObjectsInactive, FindObjectsSortMode)' is obsolete: 'FindObjectsByType with FindObjectsSortMode parameter has been deprecated. Use FindObjectsByType<T>() or FindObjectsByType<T>(FindObjectsInactive) instead. InstanceID will be replaced in the future with EntityId and previous sort order cannot be maintained.'
Assets\Scripts\Systems\TerritoryBuilder.cs(623,88): warning CS0618: 'FindObjectsSortMode' is obsolete: 'FindObjectsSortMode has been deprecated. Use the FindObjectsByType overloads that do not take a FindObjectsSortMode parameter.'
Assets\Scripts\Systems\TerritoryBuilder.cs(623,30): warning CS0618: 'Object.FindObjectsByType<T>(FindObjectsInactive, FindObjectsSortMode)' is obsolete: 'FindObjectsByType with FindObjectsSortMode parameter has been deprecated. Use FindObjectsByType<T>() or FindObjectsByType<T>(FindObjectsInactive) instead. InstanceID will be replaced in the future with EntityId and previous sort order cannot be maintained.'
Assets\Scripts\Systems\MountSystem.cs(441,83): warning CS0618: 'ProceduralAnimationController' is obsolete: 'Use HybridAnimationController with NeuralAnimationController instead. See MIGRATION_GUIDE_PHASE46.md'
Assets\Scripts\Systems\MountSystem.cs(495,83): warning CS0618: 'ProceduralAnimationController' is obsolete: 'Use HybridAnimationController with NeuralAnimationController instead. See MIGRATION_GUIDE_PHASE46.md'
Assets\Scripts\Systems\MountSystem.cs(503,83): warning CS0618: 'ProceduralAnimationController' is obsolete: 'Use HybridAnimationController with NeuralAnimationController instead. See MIGRATION_GUIDE_PHASE46.md'
Assets\Scripts\Systems\MountSystem.cs(561,83): warning CS0618: 'ProceduralAnimationController' is obsolete: 'Use HybridAnimationController with NeuralAnimationController instead. See MIGRATION_GUIDE_PHASE46.md'
Assets\Scripts\Systems\MountSystem.cs(569,83): warning CS0618: 'ProceduralAnimationController' is obsolete: 'Use HybridAnimationController with NeuralAnimationController instead. See MIGRATION_GUIDE_PHASE46.md'
Assets\Scripts\Systems\PlayerCombat.cs(73,54): warning CS0618: 'ProceduralAnimationController' is obsolete: 'Use HybridAnimationController with NeuralAnimationController instead. See MIGRATION_GUIDE_PHASE46.md'
Assets\Scripts\Systems\PlayerCombat.cs(78,58): warning CS0618: 'ProceduralAnimationController' is obsolete: 'Use HybridAnimationController with NeuralAnimationController instead. See MIGRATION_GUIDE_PHASE46.md'
Assets\Scripts\Systems\PlayerMovement.cs(186,41): warning CS0618: 'Object.FindFirstObjectByType<T>()' is obsolete: 'FindFirstObjectByType has been deprecated because it relies on instance ID ordering. Use FindAnyObjectByType instead, which does not depend on ordering.'
Assets\Scripts\Systems\PlayerMovement.cs(215,62): warning CS0618: 'ProceduralAnimationController' is obsolete: 'Use HybridAnimationController with NeuralAnimationController instead. See MIGRATION_GUIDE_PHASE46.md'
Assets\Scripts\Systems\PlayerMovement.cs(220,66): warning CS0618: 'ProceduralAnimationController' is obsolete: 'Use HybridAnimationController with NeuralAnimationController instead. See MIGRATION_GUIDE_PHASE46.md'
Assets\Scripts\Systems\TerrainTextureApplier.cs(209,70): warning CS0618: 'FindObjectsSortMode' is obsolete: 'FindObjectsSortMode has been deprecated. Use the FindObjectsByType overloads that do not take a FindObjectsSortMode parameter.'
Assets\Scripts\Systems\TerrainTextureApplier.cs(209,31): warning CS0618: 'Object.FindObjectsByType<T>(FindObjectsSortMode)' is obsolete: 'FindObjectsByType with FindObjectsSortMode parameter has been deprecated. Use FindObjectsByType<T>() or FindObjectsByType<T>(FindObjectsInactive) instead. InstanceID will be replaced in the future with EntityId and previous sort order cannot be maintained.'
Assets\Scripts\Systems\SoldierIdlePose.cs(115,52): warning CS0618: 'Object.GetInstanceID()' is obsolete: 'GetInstanceID is deprecated. Use GetEntityId instead. This will be removed in a future version.'
Assets\Scripts\Systems\TerrainPathGenerator.cs(320,19): warning CS0219: The variable 'halfW2' is assigned but its value is never used
Assets\Scripts\Systems\TestTerritorySetup.cs(31,40): warning CS0414: The field 'TestTerritorySetup._defaultPitch' is assigned but its value is never used
Assets\Scripts\Systems\TestCombatSetup.cs(18,40): warning CS0414: The field 'TestCombatSetup._walkSpeed' is assigned but its value is never used
Assets\Scripts\Systems\QuadrupedProceduralLocomotion.cs(27,40): warning CS0414: The field 'QuadrupedProceduralLocomotion._trotSpeed' is assigned but its value is never used
Assets\Scripts\Systems\QuadrupedPoseController.cs(24,55): warning CS0414: The field 'QuadrupedPoseController._stepPhaseOffset' is assigned but its value is never used
Assets\Scripts\Systems\Animation\Neural\ModelManagement\AvatarFineTuningConfig.cs(16,47): warning CS0414: The field 'AvatarFineTuningConfig._defenseBias' is assigned but its value is never used
Assets\Scripts\Systems\TestCraftSetup.cs(27,40): warning CS0414: The field 'TestCraftSetup._runSpeed' is assigned but its value is never used
Assets\Scripts\Systems\TestAllInOneSetup.cs(29,40): warning CS0414: The field 'TestAllInOneSetup._walkSpeed' is assigned but its value is never used
Assets\Scripts\Systems\QuadrupedProceduralLocomotion.cs(26,40): warning CS0414: The field 'QuadrupedProceduralLocomotion._walkSpeed' is assigned but its value is never used
Assets\Scripts\Systems\Animation\Neural\HybridAnimationController.cs(58,31): warning CS0414: The field 'HybridAnimationController._useLODManager' is assigned but its value is never used
Assets\Scripts\Systems\Animation\Procedural\ProceduralAnimationController.cs(65,47): warning CS0414: The field 'ProceduralAnimationController.armSwingAmount' is assigned but its value is never used
Assets\Scripts\Systems\QuadrupedProceduralLocomotion.cs(28,40): warning CS0414: The field 'QuadrupedProceduralLocomotion._paceSpeed' is assigned but its value is never used
Assets\Scripts\Systems\TestPlayerSetup.cs(25,36): warning CS0414: The field 'TestPlayerSetup._orbitRadius' is assigned but its value is never used
Assets\Scripts\Systems\Animation\Neural\ModelManagement\AvatarFineTuningConfig.cs(15,47): warning CS0414: The field 'AvatarFineTuningConfig._aggressionBias' is assigned but its value is never used
Assets\Scripts\Systems\Animation\Procedural\ProceduralAnimationController.cs(66,47): warning CS0414: The field 'ProceduralAnimationController.headStabilization' is assigned but its value is never used
Assets\Scripts\Systems\Animation\Procedural\ProceduralAnimationController.cs(179,14): warning CS0414: The field 'ProceduralAnimationController._lodSpineWaveEnabled' is assigned but its value is never used
Assets\Scripts\Systems\TestAllInOneSetup.cs(34,40): warning CS0414: The field 'TestAllInOneSetup._orbitRadius' is assigned but its value is never used
Assets\Scripts\Systems\QuadrupedProceduralAnimation.cs(43,40): warning CS0414: The field 'QuadrupedProceduralAnimation._stepHeight' is assigned but its value is never used
Assets\Scripts\Systems\Animation\Neural\ModelManagement\AvatarFineTuningConfig.cs(17,47): warning CS0414: The field 'AvatarFineTuningConfig._evasionBias' is assigned but its value is never used
Assets\Scripts\Systems\TestAllInOneSetup.cs(31,40): warning CS0414: The field 'TestAllInOneSetup._jumpHeight' is assigned but its value is never used
Assets\Scripts\Systems\TestAllInOneSetup.cs(30,40): warning CS0414: The field 'TestAllInOneSetup._runSpeed' is assigned but its value is never used
Assets\Scripts\Systems\QuadrupedProceduralAnimation.cs(24,40): warning CS0414: The field 'QuadrupedProceduralAnimation._walkSpeed' is assigned but its value is never used
Assets\Scripts\Systems\Animation\Procedural\SpecialCreatureAnimator.cs(23,32): warning CS0414: The field 'SpecialCreatureAnimator._turnSpeed' is assigned but its value is never used
Assets\Scripts\Systems\QuadrupedProceduralAnimation.cs(26,40): warning CS0414: The field 'QuadrupedProceduralAnimation._paceSpeed' is assigned but its value is never used
Assets\Scripts\Systems\Animation\Procedural\LOD\ProceduralLODSystem.cs(137,31): warning CS0414: The field 'ProceduralLODManager._enableFrustumCulling' is assigned but its value is never used
Assets\Scripts\Systems\TestCombatSetup.cs(15,38): warning CS0414: The field 'TestCombatSetup._monsterCount' is assigned but its value is never used
Assets\Scripts\Systems\TestCraftSetup.cs(30,40): warning CS0414: The field 'TestCraftSetup._orbitRadius' is assigned but its value is never used
Assets\Scripts\Systems\TestCraftSetup.cs(31,40): warning CS0414: The field 'TestCraftSetup._defaultPitch' is assigned but its value is never used
Assets\Scripts\Systems\QuadrupedProceduralLocomotion.cs(33,40): warning CS0414: The field 'QuadrupedProceduralLocomotion._dutyCycle' is assigned but its value is never used
Assets\Scripts\Systems\TestTerritorySetup.cs(26,40): warning CS0414: The field 'TestTerritorySetup._walkSpeed' is assigned but its value is never used
Assets\Scripts\Systems\TemperatureSystem.cs(17,40): warning CS0414: The field 'TemperatureSystem._changeRate' is assigned but its value is never used
Assets\Scripts\Systems\TestCombatSetup.cs(19,40): warning CS0414: The field 'TestCombatSetup._runSpeed' is assigned but its value is never used
Assets\Scripts\Systems\QuadrupedProceduralAnimation.cs(44,40): warning CS0414: The field 'QuadrupedProceduralAnimation._dutyCycle' is assigned but its value is never used
Assets\Scripts\Systems\Animation\Neural\HybridAnimationController.cs(63,47): warning CS0414: The field 'HybridAnimationController._rootMotionProceduralWeight' is assigned but its value is never used
Assets\Scripts\Systems\TestTerritorySetup.cs(30,40): warning CS0414: The field 'TestTerritorySetup._orbitRadius' is assigned but its value is never used
Assets\Scripts\Systems\TestCraftSetup.cs(26,40): warning CS0414: The field 'TestCraftSetup._walkSpeed' is assigned but its value is never used
Assets\Scripts\Systems\TestTerritorySetup.cs(27,40): warning CS0414: The field 'TestTerritorySetup._runSpeed' is assigned but its value is never used
Assets\Scripts\Systems\TestAllInOneSetup.cs(35,40): warning CS0414: The field 'TestAllInOneSetup._defaultPitch' is assigned but its value is never used
Assets\Scripts\Systems\Animation\Procedural\SpecialCreatureAnimator.cs(22,32): warning CS0414: The field 'SpecialCreatureAnimator._moveSpeed' is assigned but its value is never used
Assets\Scripts\Systems\TestPlayerSetup.cs(26,36): warning CS0414: The field 'TestPlayerSetup._defaultPitch' is assigned but its value is never used
Assets\Scripts\Systems\QuadrupedProceduralAnimation.cs(92,23): warning CS0414: The field 'QuadrupedProceduralAnimation._actionTimer' is assigned but its value is never used
Assets\Scripts\Systems\QuadrupedProceduralAnimation.cs(38,55): warning CS0414: The field 'QuadrupedProceduralAnimation._spineIKWeight' is assigned but its value is never used
Assets\Editor\FixMainScene.cs(5,7): warning CS0105: The using directive for 'UnityEngine.SceneManagement' appeared previously in this namespace
Assets\Editor\DayNightCycleReferenceFixer.cs(24,19): warning CS0618: 'Object.FindFirstObjectByType<T>()' is obsolete: 'FindFirstObjectByType has been deprecated because it relies on instance ID ordering. Use FindAnyObjectByType instead, which does not depend on ordering.'
Assets\Editor\CapturePlayFrame.cs(19,57): warning CS0618: 'FindObjectsSortMode' is obsolete: 'FindObjectsSortMode has been deprecated. Use the FindObjectsByType overloads that do not take a FindObjectsSortMode parameter.'
Assets\Editor\CapturePlayFrame.cs(19,24): warning CS0618: 'Object.FindObjectsByType<T>(FindObjectsSortMode)' is obsolete: 'FindObjectsByType with FindObjectsSortMode parameter has been deprecated. Use FindObjectsByType<T>() or FindObjectsByType<T>(FindObjectsInactive) instead. InstanceID will be replaced in the future with EntityId and previous sort order cannot be maintained.'
Assets\Editor\DeepDiagnoseScene.cs(193,26): warning CS0618: 'Object.FindFirstObjectByType<T>()' is obsolete: 'FindFirstObjectByType has been deprecated because it relies on instance ID ordering. Use FindAnyObjectByType instead, which does not depend on ordering.'
Assets\Editor\DiagnoseTerrain.cs(19,59): warning CS0618: 'FindObjectsSortMode' is obsolete: 'FindObjectsSortMode has been deprecated. Use the FindObjectsByType overloads that do not take a FindObjectsSortMode parameter.'
Assets\Editor\DiagnoseTerrain.cs(19,27): warning CS0618: 'Object.FindObjectsByType<T>(FindObjectsSortMode)' is obsolete: 'FindObjectsByType with FindObjectsSortMode parameter has been deprecated. Use FindObjectsByType<T>() or FindObjectsByType<T>(FindObjectsInactive) instead. InstanceID will be replaced in the future with EntityId and previous sort order cannot be maintained.'
Assets\Editor\DeepDiagnoseScene.cs(454,21): warning CS0618: 'Object.FindFirstObjectByType<T>()' is obsolete: 'FindFirstObjectByType has been deprecated because it relies on instance ID ordering. Use FindAnyObjectByType instead, which does not depend on ordering.'
Assets\Editor\FixAllCriticalIssues.cs(207,27): warning CS0618: 'Object.FindFirstObjectByType<T>()' is obsolete: 'FindFirstObjectByType has been deprecated because it relies on instance ID ordering. Use FindAnyObjectByType instead, which does not depend on ordering.'
Assets\Editor\FixAllCriticalIssues.cs(216,32): warning CS0618: 'Object.FindFirstObjectByType<T>()' is obsolete: 'FindFirstObjectByType has been deprecated because it relies on instance ID ordering. Use FindAnyObjectByType instead, which does not depend on ordering.'
Assets\Editor\FixAllCriticalIssues.cs(225,28): warning CS0618: 'Object.FindFirstObjectByType<T>()' is obsolete: 'FindFirstObjectByType has been deprecated because it relies on instance ID ordering. Use FindAnyObjectByType instead, which does not depend on ordering.'
Assets\Editor\FixAllCriticalIssues.cs(242,25): warning CS0618: 'Object.FindFirstObjectByType<T>()' is obsolete: 'FindFirstObjectByType has been deprecated because it relies on instance ID ordering. Use FindAnyObjectByType instead, which does not depend on ordering.'
Assets\Editor\FixFinal_Complete.cs(86,44): warning CS0618: 'CinemachineCollider' is obsolete: 'CinemachineCollider has been deprecated. Use CinemachineDeoccluder instead'
Assets\Editor\FixFinal_Complete.cs(87,62): warning CS0618: 'CinemachineCollider' is obsolete: 'CinemachineCollider has been deprecated. Use CinemachineDeoccluder instead'
Assets\Editor\FixFinal_Complete.cs(93,32): warning CS0618: 'CinemachineCollider' is obsolete: 'CinemachineCollider has been deprecated. Use CinemachineDeoccluder instead'
Assets\Editor\FixPhase1_Terrain.cs(51,26): warning CS0618: 'Object.FindFirstObjectByType<T>()' is obsolete: 'FindFirstObjectByType has been deprecated because it relies on instance ID ordering. Use FindAnyObjectByType instead, which does not depend on ordering.'
Assets\Editor\FixPhase4_Camera.cs(106,44): warning CS0618: 'CinemachineCollider' is obsolete: 'CinemachineCollider has been deprecated. Use CinemachineDeoccluder instead'
Assets\Editor\FixPhase4_Camera.cs(107,62): warning CS0618: 'CinemachineCollider' is obsolete: 'CinemachineCollider has been deprecated. Use CinemachineDeoccluder instead'
Assets\Editor\FixPhase4_Camera.cs(113,32): warning CS0618: 'CinemachineCollider' is obsolete: 'CinemachineCollider has been deprecated. Use CinemachineDeoccluder instead'
Assets\Editor\GroundDiagRunner.cs(19,25): warning CS0618: 'Object.FindObjectsOfType<T>()' is obsolete: 'Object.FindObjectsOfType has been deprecated. Use Object.FindObjectsByType instead which lets you decide whether you need the results sorted or not.  FindObjectsOfType sorts the results by InstanceID but if you do not need this using FindObjectSortMode.None is considerably faster.'
Assets\Editor\FixMainScene.cs(939,19): warning CS0618: 'Object.FindFirstObjectByType<T>()' is obsolete: 'FindFirstObjectByType has been deprecated because it relies on instance ID ordering. Use FindAnyObjectByType instead, which does not depend on ordering.'
AssetDatabase: script compilation time: 17.227684s
Begin MonoManager ReloadAssembly
Assembly Assembly-CSharp-Editor-firstpass.dll at Library/ScriptAssemblies/Assembly-CSharp-Editor-firstpass.dll not valid. Loading of assembly skipped.
Assembly Assembly-CSharp-firstpass.dll at Library/ScriptAssemblies/Assembly-CSharp-firstpass.dll not valid. Loading of assembly skipped.
Assembly DocCodeExamples.dll at Library/ScriptAssemblies/DocCodeExamples.dll not valid. Loading of assembly skipped.
Assembly TestNewCustomAssembly.dll at Library/ScriptAssemblies/TestNewCustomAssembly.dll not valid. Loading of assembly skipped.
Assembly Unity.Addressables.Editor.Tests.dll at Library/ScriptAssemblies/Unity.Addressables.Editor.Tests.dll not valid. Loading of assembly skipped.
Assembly Unity.Addressables.Runtime.Tests.dll at Library/ScriptAssemblies/Unity.Addressables.Runtime.Tests.dll not valid. Loading of assembly skipped.
Assembly Unity.AppUI.Editor.Tests.dll at Library/ScriptAssemblies/Unity.AppUI.Editor.Tests.dll not valid. Loading of assembly skipped.
Assembly Unity.AppUI.Tests.dll at Library/ScriptAssemblies/Unity.AppUI.Tests.dll not valid. Loading of assembly skipped.
Assembly Unity.Collections.BurstCompatibilityGen.dll at Library/ScriptAssemblies/Unity.Collections.BurstCompatibilityGen.dll not valid. Loading of assembly skipped.
Assembly Unity.Collections.DocCodeSamples.dll at Library/ScriptAssemblies/Unity.Collections.DocCodeSamples.dll not valid. Loading of assembly skipped.
Assembly Unity.Collections.PerformanceTests.dll at Library/ScriptAssemblies/Unity.Collections.PerformanceTests.dll not valid. Loading of assembly skipped.
Assembly Unity.Collections.Tests.dll at Library/ScriptAssemblies/Unity.Collections.Tests.dll not valid. Loading of assembly skipped.
Assembly Unity.Collections.Tests.Playmode.dll at Library/ScriptAssemblies/Unity.Collections.Tests.Playmode.dll not valid. Loading of assembly skipped.
Assembly Unity.InputSystem.IntegrationTests.dll at Library/ScriptAssemblies/Unity.InputSystem.IntegrationTests.dll not valid. Loading of assembly skipped.
Assembly Unity.Localization.DocCodeSamples.dll at Library/ScriptAssemblies/Unity.Localization.DocCodeSamples.dll not valid. Loading of assembly skipped.
Assembly Unity.Mathematics.Tests.dll at Library/ScriptAssemblies/Unity.Mathematics.Tests.dll not valid. Loading of assembly skipped.
Assembly Unity.Nuget.Mono-Cecil.dll at Library/ScriptAssemblies/Unity.Nuget.Mono-Cecil.dll not valid. Loading of assembly skipped.
Assembly Unity.PathTracing.Editor.Tests.dll at Library/ScriptAssemblies/Unity.PathTracing.Editor.Tests.dll not valid. Loading of assembly skipped.
Assembly Unity.PathTracing.Runtime.Tests.dll at Library/ScriptAssemblies/Unity.PathTracing.Runtime.Tests.dll not valid. Loading of assembly skipped.
Assembly Unity.Performance.Profile-Analyzer.EditorTests.dll at Library/ScriptAssemblies/Unity.Performance.Profile-Analyzer.EditorTests.dll not valid. Loading of assembly skipped.
Assembly Unity.RenderPipelines.Core.Editor.Tests.dll at Library/ScriptAssemblies/Unity.RenderPipelines.Core.Editor.Tests.dll not valid. Loading of assembly skipped.
Assembly Unity.RenderPipelines.Core.Runtime.Tests.dll at Library/ScriptAssemblies/Unity.RenderPipelines.Core.Runtime.Tests.dll not valid. Loading of assembly skipped.
Assembly Unity.RenderPipelines.Universal.Config.Editor.Tests.dll at Library/ScriptAssemblies/Unity.RenderPipelines.Universal.Config.Editor.Tests.dll not valid. Loading of assembly skipped.
Assembly Unity.RenderPipelines.Universal.Editor.Tests.dll at Library/ScriptAssemblies/Unity.RenderPipelines.Universal.Editor.Tests.dll not valid. Loading of assembly skipped.
Assembly Unity.RenderPipelines.Universal.Runtime.Tests.dll at Library/ScriptAssemblies/Unity.RenderPipelines.Universal.Runtime.Tests.dll not valid. Loading of assembly skipped.
Assembly Unity.ResourceManager.Tests.dll at Library/ScriptAssemblies/Unity.ResourceManager.Tests.dll not valid. Loading of assembly skipped.
Assembly Unity.ScriptableBuildPipeline.Editor.Tests.dll at Library/ScriptAssemblies/Unity.ScriptableBuildPipeline.Editor.Tests.dll not valid. Loading of assembly skipped.
Assembly Unity.ScriptableBuildPipeline.Tests.dll at Library/ScriptAssemblies/Unity.ScriptableBuildPipeline.Tests.dll not valid. Loading of assembly skipped.
Assembly Unity.ScriptableBuildPipelineTests.Runtime.Tests.dll at Library/ScriptAssemblies/Unity.ScriptableBuildPipelineTests.Runtime.Tests.dll not valid. Loading of assembly skipped.
Assembly Unity.Searcher.EditorTests.dll at Library/ScriptAssemblies/Unity.Searcher.EditorTests.dll not valid. Loading of assembly skipped.
Assembly Unity.Settings.Tests.dll at Library/ScriptAssemblies/Unity.Settings.Tests.dll not valid. Loading of assembly skipped.
Assembly Unity.ShaderGraph.Editor.Tests.dll at Library/ScriptAssemblies/Unity.ShaderGraph.Editor.Tests.dll not valid. Loading of assembly skipped.
Assembly Unity.TestTools.CodeCoverage.Editor.Compatibility.dll at Library/ScriptAssemblies/Unity.TestTools.CodeCoverage.Editor.Compatibility.dll not valid. Loading of assembly skipped.
Assembly Unity.TextMeshPro.Editor.Tests.dll at Library/ScriptAssemblies/Unity.TextMeshPro.Editor.Tests.dll not valid. Loading of assembly skipped.
Assembly Unity.TextMeshPro.Tests.dll at Library/ScriptAssemblies/Unity.TextMeshPro.Tests.dll not valid. Loading of assembly skipped.
Assembly Unity.UnifiedRayTracing.Editor.Tests.dll at Library/ScriptAssemblies/Unity.UnifiedRayTracing.Editor.Tests.dll not valid. Loading of assembly skipped.
Assembly UnityEditor.UI.Common.Tests.dll at Library/ScriptAssemblies/UnityEditor.UI.Common.Tests.dll not valid. Loading of assembly skipped.
Assembly UnityEditor.UI.EditorTests.dll at Library/ScriptAssemblies/UnityEditor.UI.EditorTests.dll not valid. Loading of assembly skipped.
Assembly UnityEngine.UI.Tests.dll at Library/ScriptAssemblies/UnityEngine.UI.Tests.dll not valid. Loading of assembly skipped.
Symbol file LoadedFromMemory is not a mono symbol file
Symbol file LoadedFromMemory is not a mono symbol file
'Packages/com.unity.cinemachine/Editor/Editors/CinemachineVirtualCameraBaseEditor.cs' contains partial class of Unity.Object, exactly 1 of the partial classes needs to be in a file with the same filename. This is to know the one that can be referenced from ie. GameObjects
'Packages/com.unity.cinemachine/Editor/Obsolete/CinemachineVirtualCameraBaseEditor.cs' contains partial class of Unity.Object, exactly 1 of the partial classes needs to be in a file with the same filename. This is to know the one that can be referenced from ie. GameObjects
Refreshing native plugins compatible for Editor in 34.01 ms, found 5 plugins.
Native extension for WindowsStandalone target not found
Native extension for WebGL target not found
Assembly reference Packages/com.unity.cinemachine/Editor/Samples/ExposeHDRPInternals/HDRP-Editor-ref.asmref has no target assembly definition
Refreshing native plugins compatible for Editor in 8.73 ms, found 5 plugins.
[MODES] ModeService[none].Initialize
[MODES] ModeService[none].LoadModes
[MODES] Loading mode Default (0) for mode-current-id-포이즌
ScheduleIndexationOnStartup MainProcess:True IndexOnStartup:True
Mono: successfully reloaded assembly
- Finished resetting the current domain, in  7.337 seconds
Domain Reload Profiling: 11779ms
	BeginReloadAssembly (493ms)
		DisableScriptedObjects (37ms)
		CreateAndSetChildDomain (181ms)
	RebuildCommonClasses (55ms)
	RebuildNativeTypeToScriptingClass (19ms)
	initialDomainReloadingComplete (1656ms)
	LoadAllAssembliesAndSetupDomain (2219ms)
		LoadAssemblies (1328ms)
		AnalyzeDomain (1089ms)
			TypeCache.Refresh (920ms)
				TypeCache.ScanAssembly (886ms)
			BuildScriptInfoCaches (132ms)
			ResolveRequiredComponents (34ms)
	FinalizeReload (7337ms)
		SetupLoadedEditorAssemblies (0ms)
			InitializePlatformSupportModulesInManaged (36ms)
			BeforeProcessingInitializeOnLoad (536ms)
			ProcessInitializeOnLoadAttributes (5120ms)
			ProcessInitializeOnLoadMethodAttributes (1187ms)
			AfterProcessingInitializeOnLoad (14ms)
		AwakeInstancesAfterBackupRestoration (48ms)
Refreshing native plugins compatible for Editor in 9.44 ms, found 5 plugins.
(Values over 0.050ms)
Asset Pipeline Refresh (id=b3e50a9126aecdb4db9101c41e7a804d): Total: 33.232 seconds - Initiated by InitialRefreshV2(ForceSynchronousImport)
	Summary:
		Imports: total=0 (actual=0, local cache=0, cache server=0)
		Asset DB Process Time: managed=0 ms, native=10367 ms
		Asset DB Callback time: managed=793 ms, native=111 ms
		Scripting: domain reloads=1, domain reload time=4481 ms, compile time=17230 ms, other=246 ms
		Project Asset Count: scripts=2389, non-scripts=6575
		Asset File Changes: new=0, changed=2, moved=0, deleted=0
		Scan Filter Count: 0
	InvokePackagesCallback: 61.972ms
	ApplyChangesToAssetFolders: 1.094ms
	Scan: 1335.700ms
	OnSourceAssetsModified: 1.124ms
	CategorizeScriptCompilationAssets: 256.574ms
	ProcessAssetsWithTransientArtifactChanges: 218.718ms
	CategorizeAssets: 481.678ms
	CompileScripts: 17230.008ms
	ImportOutOfDateAssets: 7413.911ms (7404.142ms without children)
		ReloadNativeAssets: 0.074ms
		UnloadImportedAssets: 4.262ms
		EnsureUptoDateAssetsAreRegisteredWithGuidPM: 2.447ms
		OnDemandSchedulerStart: 2.984ms
	PostProcessAllAssets: 807.842ms
		VCAutoAddAssetPostprocess 6.504ms
		XRBuildSystem.XRAssetImported 1.874ms
		PostProcessCallbackCreateDeferredMaterials 0.060ms
		MonoPostProcessAllAssets: 792.454ms
			AssetPostprocessor.OnPostprocessAllAssets 435.813ms
			StyleCatalogPostProcessor.OnPostprocessAllAssets 209.939ms
			WindowAssetPostprocessingWatcher.OnPostprocessAllAssets 39.159ms
			UniversalRenderPipelineGlobalSettingsPostprocessor.OnPostprocessAllAssets 28.652ms
			BuilderAssetPostprocessor.OnPostprocessAllAssets 11.498ms
			SpeedTree9Postprocessor.OnPostprocessAllAssets 4.561ms
			RetainedModeAssetPostprocessor.OnPostprocessAllAssets 2.944ms
			ShaderGraphAssetPostProcessor.OnPostprocessAllAssets 2.406ms
			AssetChangedListener.OnPostprocessAllAssets 2.161ms
			AddressablesAssetPostProcessor.OnPostprocessAllAssets 1.502ms
			LocalizationAssetPostProcessor.OnPostprocessAllAssets 1.461ms
			MaterialPostprocessor.OnPostprocessAllAssets 1.153ms
			RenderPipelineGlobalSettingsPostprocessor.OnPostprocessAllAssets 1.069ms
			InputActionAssetPostprocessor.OnPostprocessAllAssets 1.005ms
			AssetPathToTypes.OnPostprocessAllAssets 0.760ms
			ArtifactBrowserPostProcessor.OnPostprocessAllAssets 0.701ms
			TMPro_TexturePostProcessor.OnPostprocessAllAssets 0.696ms
			ModelAssetProcessor.OnPostprocessAllAssets 0.617ms
			AudioMixerPostprocessor.OnPostprocessAllAssets 0.594ms
			ReferencedClipsPostProcessor.OnPostprocessAllAssets 0.590ms
			UVCSAssetPostprocessor.OnPostprocessAllAssets 0.589ms
			TextAssetPostProcessor.OnPostprocessAllAssets 0.552ms
			PostProcessor.OnPostprocessAllAssets 0.486ms
			InputActionJsonNameModifierAssetProcessor.OnPostprocessAllAssets 0.452ms
			CinemachineSettings.OnPostprocessAllAssets 0.433ms
			AssetEvents.OnPostprocessAllAssets 0.415ms
			TerrainToolbarOverlayPostProcessor.OnPostprocessAllAssets 0.335ms
			AssetDatabaseCallbacks.OnPostprocessAllAssets 0.332ms
			SyncVS.PostprocessSyncProject 0.275ms
			SpeedTreePostProcessor.OnPostprocessAllAssets 0.253ms
			ConfigAssetsTracker.OnPostprocessAllAssets 0.212ms
			ProjectSettingsPostprocessor.OnPostprocessAllAssets 0.209ms
			SamplePostprocessor.OnPostprocessAllAssets 0.192ms
			ScenarioDriftAssetsTracker.OnPostprocessAllAssets 0.189ms
			AudioContainerPostProcessor.OnPostprocessAllAssets 0.098ms
	PostAssetChangesProfiler: 37.601ms
	UnloadStreamsBegin: 2.545ms
	PersistCurrentRevisions: 0.394ms
	GenerateScriptTypeHashes: 6.777ms
	GenerateScriptTypeSerializationHashes: 11.123ms
	Untracked: 5374.463ms

Application.AssetDatabase Initial Refresh End
Launched and connected shader compiler UnityShaderCompiler.exe after 0.06 seconds
Scanning for USB devices : 6.325ms
Initializing Unity extensions:
Unloading 197 Unused Serialized files (Serialized files now loaded: 0)
Unloading 10806 unused Assets / (24.3 MB). Loaded Objects now: 11451.
Memory consumption went from 308.1 MB to 283.8 MB.
Total: 39.635500 ms (FindLiveObjects: 1.513800 ms CreateObjectMapping: 3.842400 ms MarkObjects: 16.731100 ms  DeleteObjects: 16.877700 ms)

[MixamoControllers] 클립 없음: Assets/Animations/Mixamo/Idle.fbx
UnityEngine.Debug:ExtractStackTraceNoAlloc (byte*,int,string)
UnityEngine.StackTraceUtility:ExtractStackTrace ()
UnityEngine.DebugLogHandler:Internal_Log (UnityEngine.LogType,UnityEngine.LogOption,string,UnityEngine.Object)
UnityEngine.DebugLogHandler:LogFormat (UnityEngine.LogType,UnityEngine.Object,string,object[])
UnityEngine.Logger:Log (UnityEngine.LogType,object)
UnityEngine.Debug:LogWarning (object)
ProjectName.EditorTools.MixamoControllerBuilder:ConfigureMixamoClipLoop () (at Assets/Editor/Mixamo/MixamoControllerBuilder.cs:303)
ProjectName.EditorTools.MixamoControllerBuilder:BuildAll () (at Assets/Editor/Mixamo/MixamoControllerBuilder.cs:27)

(Filename: Assets/Editor/Mixamo/MixamoControllerBuilder.cs Line: 303)

[MixamoControllers] 클립 없음: Assets/Animations/Mixamo/Walking.fbx
UnityEngine.Debug:ExtractStackTraceNoAlloc (byte*,int,string)
UnityEngine.StackTraceUtility:ExtractStackTrace ()
UnityEngine.DebugLogHandler:Internal_Log (UnityEngine.LogType,UnityEngine.LogOption,string,UnityEngine.Object)
UnityEngine.DebugLogHandler:LogFormat (UnityEngine.LogType,UnityEngine.Object,string,object[])
UnityEngine.Logger:Log (UnityEngine.LogType,object)
UnityEngine.Debug:LogWarning (object)
ProjectName.EditorTools.MixamoControllerBuilder:ConfigureMixamoClipLoop () (at Assets/Editor/Mixamo/MixamoControllerBuilder.cs:303)
ProjectName.EditorTools.MixamoControllerBuilder:BuildAll () (at Assets/Editor/Mixamo/MixamoControllerBuilder.cs:27)

(Filename: Assets/Editor/Mixamo/MixamoControllerBuilder.cs Line: 303)

[MixamoControllers] 클립 없음: Assets/Animations/Mixamo/Running.fbx
UnityEngine.Debug:ExtractStackTraceNoAlloc (byte*,int,string)
UnityEngine.StackTraceUtility:ExtractStackTrace ()
UnityEngine.DebugLogHandler:Internal_Log (UnityEngine.LogType,UnityEngine.LogOption,string,UnityEngine.Object)
UnityEngine.DebugLogHandler:LogFormat (UnityEngine.LogType,UnityEngine.Object,string,object[])
UnityEngine.Logger:Log (UnityEngine.LogType,object)
UnityEngine.Debug:LogWarning (object)
ProjectName.EditorTools.MixamoControllerBuilder:ConfigureMixamoClipLoop () (at Assets/Editor/Mixamo/MixamoControllerBuilder.cs:303)
ProjectName.EditorTools.MixamoControllerBuilder:BuildAll () (at Assets/Editor/Mixamo/MixamoControllerBuilder.cs:27)

(Filename: Assets/Editor/Mixamo/MixamoControllerBuilder.cs Line: 303)

[MixamoControllers] 클립 없음: Assets/Animations/Mixamo/Standing Jump.fbx
UnityEngine.Debug:ExtractStackTraceNoAlloc (byte*,int,string)
UnityEngine.StackTraceUtility:ExtractStackTrace ()
UnityEngine.DebugLogHandler:Internal_Log (UnityEngine.LogType,UnityEngine.LogOption,string,UnityEngine.Object)
UnityEngine.DebugLogHandler:LogFormat (UnityEngine.LogType,UnityEngine.Object,string,object[])
UnityEngine.Logger:Log (UnityEngine.LogType,object)
UnityEngine.Debug:LogWarning (object)
ProjectName.EditorTools.MixamoControllerBuilder:ConfigureMixamoClipLoop () (at Assets/Editor/Mixamo/MixamoControllerBuilder.cs:303)
ProjectName.EditorTools.MixamoControllerBuilder:BuildAll () (at Assets/Editor/Mixamo/MixamoControllerBuilder.cs:27)

(Filename: Assets/Editor/Mixamo/MixamoControllerBuilder.cs Line: 303)

[MixamoControllers] 믹사모 클립 Loop Time 설정: 0개 FBX 재임포트
UnityEngine.Debug:ExtractStackTraceNoAlloc (byte*,int,string)
UnityEngine.StackTraceUtility:ExtractStackTrace ()
UnityEngine.DebugLogHandler:Internal_Log (UnityEngine.LogType,UnityEngine.LogOption,string,UnityEngine.Object)
UnityEngine.DebugLogHandler:LogFormat (UnityEngine.LogType,UnityEngine.Object,string,object[])
UnityEngine.Logger:Log (UnityEngine.LogType,object)
UnityEngine.Debug:Log (object)
ProjectName.EditorTools.MixamoControllerBuilder:ConfigureMixamoClipLoop () (at Assets/Editor/Mixamo/MixamoControllerBuilder.cs:318)
ProjectName.EditorTools.MixamoControllerBuilder:BuildAll () (at Assets/Editor/Mixamo/MixamoControllerBuilder.cs:27)

(Filename: Assets/Editor/Mixamo/MixamoControllerBuilder.cs Line: 318)

[MixamoControllers] 유저 FBX(MixamoUser) 임포트 보정: 0개 재임포트
UnityEngine.Debug:ExtractStackTraceNoAlloc (byte*,int,string)
UnityEngine.StackTraceUtility:ExtractStackTrace ()
UnityEngine.DebugLogHandler:Internal_Log (UnityEngine.LogType,UnityEngine.LogOption,string,UnityEngine.Object)
UnityEngine.DebugLogHandler:LogFormat (UnityEngine.LogType,UnityEngine.Object,string,object[])
UnityEngine.Logger:Log (UnityEngine.LogType,object)
UnityEngine.Debug:Log (object)
ProjectName.EditorTools.MixamoControllerBuilder:ConfigureUserAnimImports () (at Assets/Editor/Mixamo/MixamoControllerBuilder.cs:414)
ProjectName.EditorTools.MixamoControllerBuilder:BuildAll () (at Assets/Editor/Mixamo/MixamoControllerBuilder.cs:28)

(Filename: Assets/Editor/Mixamo/MixamoControllerBuilder.cs Line: 414)

[MixamoControllers] Meshy 임포트 보정: 68개 검사, 0개 재임포트
UnityEngine.Debug:ExtractStackTraceNoAlloc (byte*,int,string)
UnityEngine.StackTraceUtility:ExtractStackTrace ()
UnityEngine.DebugLogHandler:Internal_Log (UnityEngine.LogType,UnityEngine.LogOption,string,UnityEngine.Object)
UnityEngine.DebugLogHandler:LogFormat (UnityEngine.LogType,UnityEngine.Object,string,object[])
UnityEngine.Logger:Log (UnityEngine.LogType,object)
UnityEngine.Debug:Log (object)
ProjectName.EditorTools.MixamoControllerBuilder:ConfigureMeshyImports () (at Assets/Editor/Mixamo/MixamoControllerBuilder.cs:362)
ProjectName.EditorTools.MixamoControllerBuilder:BuildAll () (at Assets/Editor/Mixamo/MixamoControllerBuilder.cs:29)

(Filename: Assets/Editor/Mixamo/MixamoControllerBuilder.cs Line: 362)

Refreshing native plugins compatible for Editor in 6.21 ms, found 5 plugins.
Asset Pipeline Refresh (id=304a48f894c999e428503b14173b3330): Total: 0.279 seconds - Initiated by RefreshV2(NoUpdateAssetOptions)
Start importing Assets/Resources/Animation/Controllers/Player_AC.controller using Guid(6cf1ce959034c0c438a0dc0d8889cea6) (NativeFormatImporter) -> (Import Result ID: 'b7fb7d7d53ce04fa9aaa82c4a7faad8c') in 0.014453 seconds [static dependencies only]. Details - ImportResultOutputID=6a3e187a8e7ecf1e72c79f7099ed5e61 DependenciesID=b23a986e1f987c8c545276e3b296385d StaticDependenciesID=4f19acabb71f9aeb275b897bca5e0e60 
Refreshing native plugins compatible for Editor in 6.00 ms, found 5 plugins.
Asset Pipeline Refresh (id=109c8b37731bf084fbcdae80f529fbd8): Total: 0.148 seconds - Initiated by StopAssetImportingV2(NoUpdateAssetOptions)
Start importing Assets/Resources/Animation/Controllers/Player_AC.controller using Guid(6cf1ce959034c0c438a0dc0d8889cea6) (NativeFormatImporter) -> (Import Result ID: 'b7fb7d7d53ce04fa9aaa82c4a7faad8c') in 0.0198337 seconds [static dependencies only]. Details - ImportResultOutputID=6a3e187a8e7ecf1e72c79f7099ed5e61 DependenciesID=b23a986e1f987c8c545276e3b296385d StaticDependenciesID=4f19acabb71f9aeb275b897bca5e0e60 
Refreshing native plugins compatible for Editor in 6.08 ms, found 5 plugins.
Asset Pipeline Refresh (id=f40e15a50b8bd9b4ba8e98a2af11eb96): Total: 0.061 seconds - Initiated by StopAssetImportingV2(NoUpdateAssetOptions)
[MixamoControllers] 컨트롤러 생성 경로 확인: Assets/Resources/Animation/Controllers/Player_AC.controller
UnityEngine.Debug:ExtractStackTraceNoAlloc (byte*,int,string)
UnityEngine.StackTraceUtility:ExtractStackTrace ()
UnityEngine.DebugLogHandler:Internal_Log (UnityEngine.LogType,UnityEngine.LogOption,string,UnityEngine.Object)
UnityEngine.DebugLogHandler:LogFormat (UnityEngine.LogType,UnityEngine.Object,string,object[])
UnityEngine.Logger:Log (UnityEngine.LogType,object)
UnityEngine.Debug:Log (object)
ProjectName.EditorTools.MixamoControllerBuilder:Create (string,System.ValueTuple`2<string, UnityEngine.AnimatorControllerParameterType>[]) (at Assets/Editor/Mixamo/MixamoControllerBuilder.cs:446)
ProjectName.EditorTools.MixamoControllerBuilder:BuildPlayer () (at Assets/Editor/Mixamo/MixamoControllerBuilder.cs:104)
ProjectName.EditorTools.MixamoControllerBuilder:BuildAll () (at Assets/Editor/Mixamo/MixamoControllerBuilder.cs:30)

(Filename: Assets/Editor/Mixamo/MixamoControllerBuilder.cs Line: 446)

Start importing ProjectSettings/EditorBuildSettings.asset using Guid(0000000000000000b000000000000000) (LibraryAssetImporter) -> (Import Result ID: 'bd52947ed447db5b1a3fd28b4c69231b') in 0.0096207 seconds [static dependencies only]. Details - ImportResultOutputID=d777934f36c664454d62eda103573334 DependenciesID=6e07365756e0b154cce5b039bbda3d76 StaticDependenciesID=92333616223ccd73505ef5204746baf5 
Start importing Assets/Resources/Animation/Controllers/Player_AC.controller using Guid(6cf1ce959034c0c438a0dc0d8889cea6) (NativeFormatImporter) -> (Import Result ID: '110f2c0b00f1dffd6d76c1fe54a3b864') in 0.0036078 seconds [static dependencies only]. Details - ImportResultOutputID=6a3e187a8e7ecf1e72c79f7099ed5e61 DependenciesID=36f972738185f7ae307c6f6d7e465537 StaticDependenciesID=7df632da4cc55c04c3e4eabd0763acc1 
Refreshing native plugins compatible for Editor in 10.31 ms, found 5 plugins.
Asset Pipeline Refresh (id=45fedd1ee0bf0b9479ebf8b48f2142b4): Total: 0.123 seconds - Initiated by StopAssetImportingV2(NoUpdateAssetOptions)
[MixamoControllers] Player_AC 생성 완료
UnityEngine.Debug:ExtractStackTraceNoAlloc (byte*,int,string)
UnityEngine.StackTraceUtility:ExtractStackTrace ()
UnityEngine.DebugLogHandler:Internal_Log (UnityEngine.LogType,UnityEngine.LogOption,string,UnityEngine.Object)
UnityEngine.DebugLogHandler:LogFormat (UnityEngine.LogType,UnityEngine.Object,string,object[])
UnityEngine.Logger:Log (UnityEngine.LogType,object)
UnityEngine.Debug:Log (object)
ProjectName.EditorTools.MixamoControllerBuilder:BuildPlayer () (at Assets/Editor/Mixamo/MixamoControllerBuilder.cs:241)
ProjectName.EditorTools.MixamoControllerBuilder:BuildAll () (at Assets/Editor/Mixamo/MixamoControllerBuilder.cs:30)

(Filename: Assets/Editor/Mixamo/MixamoControllerBuilder.cs Line: 241)

Refreshing native plugins compatible for Editor in 7.24 ms, found 5 plugins.
Asset Pipeline Refresh (id=4cd989fefbdae8a43b68bcad0a7ed214): Total: 0.111 seconds - Initiated by RefreshV2(NoUpdateAssetOptions)
Start importing Assets/Resources/Animation/Controllers/SoldierShield_AC.controller using Guid(33c53deb233edc94a9e10f90b96746f3) (NativeFormatImporter) -> (Import Result ID: 'fe7dc9c4209c3f73b0c3782b0f037bf1') in 0.0029435 seconds [static dependencies only]. Details - ImportResultOutputID=bdcef7ff3081daebd0e9f79265eb8163 DependenciesID=d1007b6b2eeea0001a8257d6ffb339ba StaticDependenciesID=89c20d0eec5eae2179252255c2de3a5e 
Refreshing native plugins compatible for Editor in 7.84 ms, found 5 plugins.
Asset Pipeline Refresh (id=1ff207c2ed55d714d825faa210b75b15): Total: 0.126 seconds - Initiated by StopAssetImportingV2(NoUpdateAssetOptions)
Start importing Assets/Resources/Animation/Controllers/SoldierShield_AC.controller using Guid(33c53deb233edc94a9e10f90b96746f3) (NativeFormatImporter) -> (Import Result ID: 'fe7dc9c4209c3f73b0c3782b0f037bf1') in 0.0030393 seconds [static dependencies only]. Details - ImportResultOutputID=bdcef7ff3081daebd0e9f79265eb8163 DependenciesID=d1007b6b2eeea0001a8257d6ffb339ba StaticDependenciesID=89c20d0eec5eae2179252255c2de3a5e 
Refreshing native plugins compatible for Editor in 7.22 ms, found 5 plugins.
Asset Pipeline Refresh (id=dbbb320419915cb4e9092b980b97bd9d): Total: 0.044 seconds - Initiated by StopAssetImportingV2(NoUpdateAssetOptions)
[MixamoControllers] 컨트롤러 생성 경로 확인: Assets/Resources/Animation/Controllers/SoldierShield_AC.controller
UnityEngine.Debug:ExtractStackTraceNoAlloc (byte*,int,string)
UnityEngine.StackTraceUtility:ExtractStackTrace ()
UnityEngine.DebugLogHandler:Internal_Log (UnityEngine.LogType,UnityEngine.LogOption,string,UnityEngine.Object)
UnityEngine.DebugLogHandler:LogFormat (UnityEngine.LogType,UnityEngine.Object,string,object[])
UnityEngine.Logger:Log (UnityEngine.LogType,object)
UnityEngine.Debug:Log (object)
ProjectName.EditorTools.MixamoControllerBuilder:Create (string,System.ValueTuple`2<string, UnityEngine.AnimatorControllerParameterType>[]) (at Assets/Editor/Mixamo/MixamoControllerBuilder.cs:446)
ProjectName.EditorTools.MixamoControllerBuilder:BuildSoldier (string,System.ValueTuple`2<string, string>[],bool) (at Assets/Editor/Mixamo/MixamoControllerBuilder.cs:246)
ProjectName.EditorTools.MixamoControllerBuilder:BuildAll () (at Assets/Editor/Mixamo/MixamoControllerBuilder.cs:31)

(Filename: Assets/Editor/Mixamo/MixamoControllerBuilder.cs Line: 446)

Start importing Assets/Resources/Animation/Controllers/SoldierShield_AC.controller using Guid(33c53deb233edc94a9e10f90b96746f3) (NativeFormatImporter) -> (Import Result ID: 'dd2ee4bd6c5172d03f0262954608aea3') in 0.0029897 seconds [static dependencies only]. Details - ImportResultOutputID=bdcef7ff3081daebd0e9f79265eb8163 DependenciesID=cf47e5a53d92824ab2f518f0867d9ddd StaticDependenciesID=c99eeea29422c3964f06d4a8f3fe0619 
Refreshing native plugins compatible for Editor in 6.70 ms, found 5 plugins.
Asset Pipeline Refresh (id=a2fe28b362ea45b4d8f2aaf54615ef65): Total: 0.092 seconds - Initiated by StopAssetImportingV2(NoUpdateAssetOptions)
[MixamoControllers] SoldierShield_AC 생성 완료
UnityEngine.Debug:ExtractStackTraceNoAlloc (byte*,int,string)
UnityEngine.StackTraceUtility:ExtractStackTrace ()
UnityEngine.DebugLogHandler:Internal_Log (UnityEngine.LogType,UnityEngine.LogOption,string,UnityEngine.Object)
UnityEngine.DebugLogHandler:LogFormat (UnityEngine.LogType,UnityEngine.Object,string,object[])
UnityEngine.Logger:Log (UnityEngine.LogType,object)
UnityEngine.Debug:Log (object)
ProjectName.EditorTools.MixamoControllerBuilder:BuildSoldier (string,System.ValueTuple`2<string, string>[],bool) (at Assets/Editor/Mixamo/MixamoControllerBuilder.cs:269)
ProjectName.EditorTools.MixamoControllerBuilder:BuildAll () (at Assets/Editor/Mixamo/MixamoControllerBuilder.cs:31)

(Filename: Assets/Editor/Mixamo/MixamoControllerBuilder.cs Line: 269)

Refreshing native plugins compatible for Editor in 6.11 ms, found 5 plugins.
Asset Pipeline Refresh (id=314d02e13d64ccf42960aa6bcae8bc6d): Total: 0.120 seconds - Initiated by RefreshV2(NoUpdateAssetOptions)
Start importing Assets/Resources/Animation/Controllers/SoldierGreatSword_AC.controller using Guid(0117915a15039c44aa45f42f8e0f7d8f) (NativeFormatImporter) -> (Import Result ID: 'c899ab456fc8838c897597c3e1cedbb3') in 0.0030109 seconds [static dependencies only]. Details - ImportResultOutputID=b5cc455a367914de4fce6cc222061829 DependenciesID=5d4ad2e64c65e0cdf6045794b9d61884 StaticDependenciesID=4c2990064285faeedf42451161035590 
Refreshing native plugins compatible for Editor in 6.56 ms, found 5 plugins.
Asset Pipeline Refresh (id=04f8745220158c04a970c38b262f393e): Total: 0.109 seconds - Initiated by StopAssetImportingV2(NoUpdateAssetOptions)
Start importing Assets/Resources/Animation/Controllers/SoldierGreatSword_AC.controller using Guid(0117915a15039c44aa45f42f8e0f7d8f) (NativeFormatImporter) -> (Import Result ID: 'c899ab456fc8838c897597c3e1cedbb3') in 0.003912 seconds [static dependencies only]. Details - ImportResultOutputID=b5cc455a367914de4fce6cc222061829 DependenciesID=5d4ad2e64c65e0cdf6045794b9d61884 StaticDependenciesID=4c2990064285faeedf42451161035590 
Refreshing native plugins compatible for Editor in 6.69 ms, found 5 plugins.
Asset Pipeline Refresh (id=9f4d40121574b9044adc6d0aaeb3e44d): Total: 0.050 seconds - Initiated by StopAssetImportingV2(NoUpdateAssetOptions)
[MixamoControllers] 컨트롤러 생성 경로 확인: Assets/Resources/Animation/Controllers/SoldierGreatSword_AC.controller
UnityEngine.Debug:ExtractStackTraceNoAlloc (byte*,int,string)
UnityEngine.StackTraceUtility:ExtractStackTrace ()
UnityEngine.DebugLogHandler:Internal_Log (UnityEngine.LogType,UnityEngine.LogOption,string,UnityEngine.Object)
UnityEngine.DebugLogHandler:LogFormat (UnityEngine.LogType,UnityEngine.Object,string,object[])
UnityEngine.Logger:Log (UnityEngine.LogType,object)
UnityEngine.Debug:Log (object)
ProjectName.EditorTools.MixamoControllerBuilder:Create (string,System.ValueTuple`2<string, UnityEngine.AnimatorControllerParameterType>[]) (at Assets/Editor/Mixamo/MixamoControllerBuilder.cs:446)
ProjectName.EditorTools.MixamoControllerBuilder:BuildSoldier (string,System.ValueTuple`2<string, string>[],bool) (at Assets/Editor/Mixamo/MixamoControllerBuilder.cs:246)
ProjectName.EditorTools.MixamoControllerBuilder:BuildAll () (at Assets/Editor/Mixamo/MixamoControllerBuilder.cs:39)

(Filename: Assets/Editor/Mixamo/MixamoControllerBuilder.cs Line: 446)

Start importing Assets/Resources/Animation/Controllers/SoldierGreatSword_AC.controller using Guid(0117915a15039c44aa45f42f8e0f7d8f) (NativeFormatImporter) -> (Import Result ID: '425f93e5bee8cd887840cc0e30d41de0') in 0.0028276 seconds [static dependencies only]. Details - ImportResultOutputID=b5cc455a367914de4fce6cc222061829 DependenciesID=cbb8c5025d63c790b100adb580604558 StaticDependenciesID=b8ac6922b3e14d22013b769dad4574ba 
Refreshing native plugins compatible for Editor in 6.88 ms, found 5 plugins.
Asset Pipeline Refresh (id=d311e4be412c9174588a6cd7a25ea7c7): Total: 0.097 seconds - Initiated by StopAssetImportingV2(NoUpdateAssetOptions)
[MixamoControllers] SoldierGreatSword_AC 생성 완료
UnityEngine.Debug:ExtractStackTraceNoAlloc (byte*,int,string)
UnityEngine.StackTraceUtility:ExtractStackTrace ()
UnityEngine.DebugLogHandler:Internal_Log (UnityEngine.LogType,UnityEngine.LogOption,string,UnityEngine.Object)
UnityEngine.DebugLogHandler:LogFormat (UnityEngine.LogType,UnityEngine.Object,string,object[])
UnityEngine.Logger:Log (UnityEngine.LogType,object)
UnityEngine.Debug:Log (object)
ProjectName.EditorTools.MixamoControllerBuilder:BuildSoldier (string,System.ValueTuple`2<string, string>[],bool) (at Assets/Editor/Mixamo/MixamoControllerBuilder.cs:269)
ProjectName.EditorTools.MixamoControllerBuilder:BuildAll () (at Assets/Editor/Mixamo/MixamoControllerBuilder.cs:39)

(Filename: Assets/Editor/Mixamo/MixamoControllerBuilder.cs Line: 269)

Refreshing native plugins compatible for Editor in 6.47 ms, found 5 plugins.
Asset Pipeline Refresh (id=147eb343706c6ec44a1824e1195c7d02): Total: 0.125 seconds - Initiated by RefreshV2(NoUpdateAssetOptions)
Start importing Assets/Resources/Animation/Controllers/SoldierArcher_AC.controller using Guid(ff3f16662c52f8749a100287d8ddd5af) (NativeFormatImporter) -> (Import Result ID: 'f1daaae525f4cef7029f38b50d62a4b3') in 0.0042442 seconds [static dependencies only]. Details - ImportResultOutputID=0eba9c8b969e299b60d8f183f44c9a52 DependenciesID=11a7814896967888f0498c2a35deea13 StaticDependenciesID=f6b72abab1f11c76a70fea8ef2471ea3 
Refreshing native plugins compatible for Editor in 6.43 ms, found 5 plugins.
Asset Pipeline Refresh (id=c9615161264e9d740960980be4f67300): Total: 0.122 seconds - Initiated by StopAssetImportingV2(NoUpdateAssetOptions)
Start importing Assets/Resources/Animation/Controllers/SoldierArcher_AC.controller using Guid(ff3f16662c52f8749a100287d8ddd5af) (NativeFormatImporter) -> (Import Result ID: 'f1daaae525f4cef7029f38b50d62a4b3') in 0.0037842 seconds [static dependencies only]. Details - ImportResultOutputID=0eba9c8b969e299b60d8f183f44c9a52 DependenciesID=11a7814896967888f0498c2a35deea13 StaticDependenciesID=f6b72abab1f11c76a70fea8ef2471ea3 
Refreshing native plugins compatible for Editor in 6.45 ms, found 5 plugins.
Asset Pipeline Refresh (id=0510a37807fdc454abcce0ab4f588600): Total: 0.045 seconds - Initiated by StopAssetImportingV2(NoUpdateAssetOptions)
[MixamoControllers] 컨트롤러 생성 경로 확인: Assets/Resources/Animation/Controllers/SoldierArcher_AC.controller
UnityEngine.Debug:ExtractStackTraceNoAlloc (byte*,int,string)
UnityEngine.StackTraceUtility:ExtractStackTrace ()
UnityEngine.DebugLogHandler:Internal_Log (UnityEngine.LogType,UnityEngine.LogOption,string,UnityEngine.Object)
UnityEngine.DebugLogHandler:LogFormat (UnityEngine.LogType,UnityEngine.Object,string,object[])
UnityEngine.Logger:Log (UnityEngine.LogType,object)
UnityEngine.Debug:Log (object)
ProjectName.EditorTools.MixamoControllerBuilder:Create (string,System.ValueTuple`2<string, UnityEngine.AnimatorControllerParameterType>[]) (at Assets/Editor/Mixamo/MixamoControllerBuilder.cs:446)
ProjectName.EditorTools.MixamoControllerBuilder:BuildSoldier (string,System.ValueTuple`2<string, string>[],bool) (at Assets/Editor/Mixamo/MixamoControllerBuilder.cs:246)
ProjectName.EditorTools.MixamoControllerBuilder:BuildAll () (at Assets/Editor/Mixamo/MixamoControllerBuilder.cs:47)

(Filename: Assets/Editor/Mixamo/MixamoControllerBuilder.cs Line: 446)

Start importing Assets/Resources/Animation/Controllers/SoldierArcher_AC.controller using Guid(ff3f16662c52f8749a100287d8ddd5af) (NativeFormatImporter) -> (Import Result ID: 'dc572e10f3921f52d4e6dfa69c4798b4') in 0.0038811 seconds [static dependencies only]. Details - ImportResultOutputID=0eba9c8b969e299b60d8f183f44c9a52 DependenciesID=0e09265b0ddd086f221d947a92c426bc StaticDependenciesID=7ed7fe757e7f13e1d2e362d5ccbeaca2 
Refreshing native plugins compatible for Editor in 7.80 ms, found 5 plugins.
Asset Pipeline Refresh (id=db03659959622c440a325ee30d56dcc5): Total: 0.104 seconds - Initiated by StopAssetImportingV2(NoUpdateAssetOptions)
[MixamoControllers] SoldierArcher_AC 생성 완료
UnityEngine.Debug:ExtractStackTraceNoAlloc (byte*,int,string)
UnityEngine.StackTraceUtility:ExtractStackTrace ()
UnityEngine.DebugLogHandler:Internal_Log (UnityEngine.LogType,UnityEngine.LogOption,string,UnityEngine.Object)
UnityEngine.DebugLogHandler:LogFormat (UnityEngine.LogType,UnityEngine.Object,string,object[])
UnityEngine.Logger:Log (UnityEngine.LogType,object)
UnityEngine.Debug:Log (object)
ProjectName.EditorTools.MixamoControllerBuilder:BuildSoldier (string,System.ValueTuple`2<string, string>[],bool) (at Assets/Editor/Mixamo/MixamoControllerBuilder.cs:269)
ProjectName.EditorTools.MixamoControllerBuilder:BuildAll () (at Assets/Editor/Mixamo/MixamoControllerBuilder.cs:47)

(Filename: Assets/Editor/Mixamo/MixamoControllerBuilder.cs Line: 269)

Asset Pipeline Refresh (id=ccb0f6a3d743ecc4286702cc7889655e): Total: 0.020 seconds - Initiated by RefreshV2(NoUpdateAssetOptions)
[MixamoControllers] 4개 컨트롤러 생성 완료 → Assets/Resources/Animation/Controllers
UnityEngine.Debug:ExtractStackTraceNoAlloc (byte*,int,string)
UnityEngine.StackTraceUtility:ExtractStackTrace ()
UnityEngine.DebugLogHandler:Internal_Log (UnityEngine.LogType,UnityEngine.LogOption,string,UnityEngine.Object)
UnityEngine.DebugLogHandler:LogFormat (UnityEngine.LogType,UnityEngine.Object,string,object[])
UnityEngine.Logger:Log (UnityEngine.LogType,object)
UnityEngine.Debug:Log (object)
ProjectName.EditorTools.MixamoControllerBuilder:BuildAll () (at Assets/Editor/Mixamo/MixamoControllerBuilder.cs:57)

(Filename: Assets/Editor/Mixamo/MixamoControllerBuilder.cs Line: 57)

Batchmode quit successfully invoked - shutting down!
[Physics::Module] Cleanup current backend.
[Physics::Module] Id: 0xf2b8ea05
Input System module state changed to: ShutdownInProgress.
Input Polling Thread exited.
Input System module state changed to: Shutdown.
[Licensing::IpcConnector] LicenseClient-korea-notifications channel disconnected successfully.
[Licensing::IpcConnector] LicenseClient-korea channel disconnected successfully.
AcceleratorClientConnectionCallback - disconnected - :0
Cleanup mono
CodeReloadManager destroyed
abort_threads: Failed aborting id: 0000000000002448, mono_thread_manage will ignore it

abort_threads: Failed aborting id: 0000000000002E28, mono_thread_manage will ignore it

abort_threads: Failed aborting id: 0000000000001924, mono_thread_manage will ignore it

abort_threads: Failed aborting id: 0000000000002448, mono_thread_manage will ignore it

abort_threads: Failed aborting id: 0000000000002E28, mono_thread_manage will ignore it

abort_threads: Failed aborting id: 0000000000001924, mono_thread_manage will ignore it

debugger-agent: Unable to listen on 3148
Exiting batchmode successfully now!
Exiting without the bug reporter. Application will terminate with return code 0